expdate,strike,Call/Put,Symbol,Price,Bid,Ask,Change,Percent Change,Volume,Open Interest,Option Value,IV,Param IV,Delta,Gamma,Theta,Alpha,Vega,Rho
01/02/2015,310.0,Call,NFLX  150102C00310000,33.400,31.65,35.15,1.50,4.7022,0,16,33.2349,0.3195,37.0325,0.9998,0.0001,-0.0028,-0.0287,0.0002,0.0255
01/02/2015,310.0,Put,NFLX  150102P00310000,0.000,0.00,0.06,0.00,0,31,828,0.0001,0.2956,37.0325,-0.0001,0.0000,-0.0004,-0.0706,0.0001,-0.0000
01/02/2015,312.5,Call,NFLX  150102C00312500,30.825,29.05,32.60,1.65,5.6555,0,1,30.7359,0.3195,35.7613,0.9994,0.0002,-0.0048,-0.0421,0.0006,0.0257
01/02/2015,312.5,Put,NFLX  150102P00312500,0.000,0.00,0.04,-0.04,-100,70,523,0.0005,0.2956,35.7613,-0.0002,0.0001,-0.0013,-0.0706,0.0003,-0.0000
01/02/2015,315.0,Call,NFLX  150102C00315000,27.825,26.65,29.00,1.00,3.7279,0,7,28.2386,0.3195,34.5416,0.9985,0.0005,-0.0093,-0.0511,0.0015,0.0258
01/02/2015,315.0,Put,NFLX  150102P00315000,0.000,0.00,0.04,-0.06,-100,48,358,0.0016,0.2956,34.5416,-0.0006,0.0002,-0.0035,-0.0709,0.0007,-0.0000
01/02/2015,317.5,Call,NFLX  150102C00317500,25.400,24.30,26.50,1.12,4.6344,0,0,25.7449,0.3195,33.3765,0.9966,0.0010,-0.0185,-0.0558,0.0032,0.0260
01/02/2015,317.5,Put,NFLX  150102P00317500,0.000,0.00,0.06,-0.09,-100,30,114,0.0047,0.2956,33.3765,-0.0017,0.0006,-0.0086,-0.0709,0.0017,-0.0000
01/02/2015,320.0,Call,NFLX  150102C00320000,22.875,21.65,24.10,1.10,5.0517,0,10,23.2591,0.3195,32.2698,0.9925,0.0021,-0.0357,-0.0582,0.0064,0.0261
01/02/2015,320.0,Put,NFLX  150102P00320000,0.000,0.00,0.06,-0.13,-100,141,427,0.0124,0.2956,32.2698,-0.0043,0.0014,-0.0193,-0.0709,0.0039,-0.0001
01/02/2015,322.5,Call,NFLX  150102C00322500,20.425,19.35,21.50,1.15,5.9663,0,0,20.7887,0.3195,31.2252,0.9848,0.0038,-0.0649,-0.0593,0.0119,0.0261
01/02/2015,322.5,Put,NFLX  150102P00322500,0.045,0.02,0.07,-0.14,-75.6757,164,661,0.0303,0.2956,31.2252,-0.0097,0.0028,-0.0397,-0.0709,0.0081,-0.0003
01/02/2015,325.0,Call,NFLX  150102C00325000,17.925,16.85,19.00,1.05,6.2222,0,50,18.3460,0.3195,30.2469,0.9712,0.0066,-0.1105,-0.0599,0.0205,0.0259
01/02/2015,325.0,Put,NFLX  150102P00325000,0.080,0.05,0.11,-0.20,-71.4286,204,505,0.0688,0.2956,30.2469,-0.0202,0.0053,-0.0747,-0.0709,0.0152,-0.0006
01/02/2015,327.5,Call,NFLX  150102C00327500,15.950,15.40,16.50,1.12,7.5885,0,34,15.9500,0.3195,29.3391,0.9489,0.0106,-0.1754,-0.0602,0.0327,0.0255
01/02/2015,327.5,Put,NFLX  150102P00327500,0.145,0.12,0.17,-0.29,-66.6667,331,524,0.1450,0.2956,29.3391,-0.0388,0.0091,-0.1289,-0.0709,0.0262,-0.0011
01/02/2015,330.0,Call,NFLX  150102C00330000,13.450,13.00,13.90,0.93,7.3852,10,85,13.4500,0.2777,28.5062,0.9423,0.0134,-0.1678,-0.0797,0.0359,0.0255
01/02/2015,330.0,Put,NFLX  150102P00330000,0.245,0.21,0.28,-0.41,-62.8788,653,576,0.2450,0.2857,28.5062,-0.0629,0.0139,-0.1829,-0.0760,0.0384,-0.0018
01/02/2015,332.5,Call,NFLX  150102C00332500,11.250,10.95,11.55,0.85,8.1731,14,263,11.2500,0.2943,27.7526,0.8857,0.0211,-0.2963,-0.0712,0.0601,0.0241
01/02/2015,332.5,Put,NFLX  150102P00332500,0.420,0.38,0.46,-0.57,-57.7889,688,775,0.4200,0.2778,27.7526,-0.1009,0.0205,-0.2549,-0.0804,0.0557,-0.0027
01/02/2015,335.0,Call,NFLX  150102C00335000,8.925,8.60,9.25,0.55,6.5672,43,309,8.9250,0.2684,27.0825,0.8438,0.0287,-0.3348,-0.0857,0.0745,0.0231
01/02/2015,335.0,Put,NFLX  150102P00335000,0.715,0.65,0.78,-0.76,-51.3605,1492,1918,0.7150,0.2717,27.0825,-0.1591,0.0287,-0.3414,-0.0840,0.0754,-0.0045
01/02/2015,337.5,Call,NFLX  150102C00337500,6.925,6.75,7.10,0.38,5.7252,163,255,6.9250,0.2676,26.5001,0.7601,0.0373,-0.4324,-0.0863,0.0967,0.0209
01/02/2015,337.5,Put,NFLX  150102P00337500,1.170,1.13,1.21,-0.93,-44.2857,578,365,1.1700,0.2655,26.5001,-0.2382,0.0375,-0.4258,-0.0880,0.0963,-0.0068
01/02/2015,340.0,Call,NFLX  150102C00340000,5.125,4.95,5.30,0.22,4.5918,822,3106,5.1250,0.2635,26.0088,0.6585,0.0448,-0.5025,-0.0891,0.1142,0.0182
01/02/2015,340.0,Put,NFLX  150102P00340000,1.900,1.81,1.99,-1.06,-35.8108,2235,727,1.9000,0.2643,26.0088,-0.3417,0.0449,-0.5050,-0.0888,0.1163,-0.0090
01/02/2015,342.5,Call,NFLX  150102C00342500,3.575,3.50,3.65,-0.08,-2.0548,1030,416,3.5750,0.2576,25.6116,0.5412,0.0495,-0.5310,-0.0932,0.1235,0.0150
01/02/2015,342.5,Put,NFLX  150102P00342500,2.865,2.73,3.00,-1.21,-29.6932,739,421,2.8650,0.2595,25.6116,-0.4590,0.0494,-0.5358,-0.0922,0.1240,-0.0120
01/02/2015,345.0,Call,NFLX  150102C00345000,2.320,2.18,2.46,-0.10,-4.3299,1344,3209,2.3200,0.251,25.3107,0.4152,0.0499,-0.5082,-0.0982,0.1213,0.0115
01/02/2015,345.0,Put,NFLX  150102P00345000,4.150,3.95,4.35,-1.33,-24.2009,470,477,4.1500,0.2561,25.3107,-0.5830,0.0492,-0.5196,-0.0947,0.1208,-0.0148
01/02/2015,347.5,Call,NFLX  150102C00347500,1.390,1.21,1.57,-0.23,-14.1975,540,343,1.3900,0.2451,25.1073,0.2930,0.0451,-0.4377,-0.1030,0.1070,0.0082
01/02/2015,347.5,Put,NFLX  150102P00347500,5.700,5.55,5.85,-1.43,-20,76,151,5.7000,0.249,25.1073,-0.7041,0.0448,-0.4468,-0.1002,0.1075,-0.0173
01/02/2015,350.0,Call,NFLX  150102C00350000,0.855,0.83,0.88,-0.16,-15.7635,1537,1922,0.8550,0.251,25.0017,0.1986,0.0357,-0.3632,-0.0983,0.0868,0.0055
01/02/2015,350.0,Put,NFLX  150102P00350000,7.650,7.25,8.05,-1.37,-15.2355,43,80,7.6500,0.2541,25.0017,-0.7986,0.0357,-0.3705,-0.0963,0.0874,-0.0188
01/02/2015,352.5,Call,NFLX  150102C00352500,0.450,0.41,0.49,-0.16,-26.2295,505,358,0.4500,0.2476,24.993,0.1199,0.0260,-0.2569,-0.1010,0.0622,0.0033
01/02/2015,352.5,Put,NFLX  150102P00352500,10.075,8.95,11.20,-1.05,-9.4382,0,36,10.0750,0.2987,24.993,-0.8345,0.0269,-0.3855,-0.0697,0.0801,-0.0194
01/02/2015,355.0,Call,NFLX  150102C00355000,0.235,0.20,0.27,-0.10,-29.8507,562,736,0.2350,0.2491,25.0792,0.0693,0.0172,-0.1722,-0.0998,0.0414,0.0019
01/02/2015,355.0,Put,NFLX  150102P00355000,11.950,11.70,12.20,-1.50,-11.1524,25,178,11.9500,0.2362,25.0792,-0.9417,0.0159,-0.1419,-0.1123,0.0377,-0.0179
01/02/2015,357.5,Call,NFLX  150102C00357500,0.115,0.08,0.15,-0.09,-43.9024,153,244,0.1150,0.2503,25.2574,0.0373,0.0104,-0.1057,-0.0989,0.0253,0.0010
01/02/2015,357.5,Put,NFLX  150102P00357500,14.275,13.95,14.60,-1.58,-9.9369,13,66,14.2750,0.1715,25.2574,-0.9961,0.0024,-0.0097,-0.2470,0.0046,-0.0049
01/02/2015,360.0,Call,NFLX  150102C00360000,0.070,0.05,0.09,-0.05,-41.6667,199,872,0.0700,0.2623,25.5238,0.0231,0.0067,-0.0745,-0.0900,0.0170,0.0006
01/02/2015,360.0,Put,NFLX  150102P00360000,16.750,16.40,17.10,-1.45,-7.967,32,156,16.8353,0.2623,25.5238,-0.9776,0.0066,-0.0716,-0.0921,0.0183,-0.0149
01/02/2015,362.5,Call,NFLX  150102C00362500,0.035,0.01,0.06,-0.04,-53.3333,122,218,0.0311,0.2623,25.8738,0.0112,0.0036,-0.0400,-0.0900,0.0091,0.0003
01/02/2015,362.5,Put,NFLX  150102P00362500,19.250,18.85,19.65,-1.12,-5.5215,1,11,19.2973,0.2623,25.8738,-0.9894,0.0035,-0.0373,-0.0941,0.0097,-0.0116
01/02/2015,365.0,Call,NFLX  150102C00365000,0.000,0.00,0.06,-0.05,-100,256,366,0.0129,0.2623,26.3023,0.0050,0.0018,-0.0198,-0.0900,0.0045,0.0001
01/02/2015,365.0,Put,NFLX  150102P00365000,21.400,20.65,22.15,-1.60,-6.9565,3,24,21.7799,0.2623,26.3023,-0.9954,0.0017,-0.0173,-0.0989,0.0049,-0.0075
01/02/2015,367.5,Call,NFLX  150102C00367500,0.000,0.00,0.08,-0.04,-100,0,57,0.0050,0.2623,26.8038,0.0021,0.0008,-0.0091,-0.0900,0.0021,0.0001
01/02/2015,367.5,Put,NFLX  150102P00367500,23.550,22.45,24.65,-1.62,-6.4548,1,26,24.2729,0.2623,26.8038,-0.9983,0.0008,-0.0069,-0.1124,0.0021,-0.0029
01/02/2015,370.0,Call,NFLX  150102C00370000,0.000,0.00,0.05,0.00,0,70,724,0.0018,0.2623,27.3728,0.0008,0.0003,-0.0039,-0.0899,0.0009,0.0000
01/02/2015,370.0,Put,NFLX  150102P00370000,26.050,24.95,27.15,-1.62,-5.8717,3,63,26.7704,0.2623,27.3728,-0.9995,0.0003,-0.0019,-0.1711,0.0007,-0.0004
01/02/2015,372.5,Call,NFLX  150102C00372500,0.000,0.00,0.04,0.00,0,10,82,0.0006,0.2623,28.0036,0.0003,0.0001,-0.0015,-0.0900,0.0003,0.0000
01/02/2015,372.5,Put,NFLX  150102P00372500,28.575,27.50,29.65,-1.60,-5.3024,0,12,29.2700,0.2623,28.0036,-1.0000,0.0000,0.0000,0.0000,0.0001,0.0000
01/02/2015,375.0,Call,NFLX  150102C00375000,0.025,0.01,0.04,0.00,0,0,100,0.0002,0.2623,28.6907,0.0001,0.0000,-0.0006,-0.0896,0.0001,0.0000
01/02/2015,375.0,Put,NFLX  150102P00375000,31.050,29.95,32.15,-1.77,-5.4075,0,10,31.7700,0.2623,28.6907,-1.0000,0.0000,0.0000,0.0000,0.0000,0.0000
01/02/2015,377.5,Call,NFLX  150102C00377500,0.000,0.00,0.06,0.00,0,1,33,0.0001,0.2623,29.4287,0.0000,0.0000,-0.0002,-0.0895,0.0000,0.0000
01/02/2015,377.5,Put,NFLX  150102P00377500,33.600,32.55,34.65,-1.75,-4.9505,1,41,34.2700,0.2623,29.4287,-1.0000,0.0000,0.0000,0.0000,0.0000,0.0000
01/09/2015,310.0,Call,NFLX  150109C00310000,33.300,32.00,34.60,1.02,3.1758,0,18,33.3000,0.2693,34.5211,0.9895,0.0018,-0.0227,-0.0801,0.0158,0.0839
01/09/2015,310.0,Put,NFLX  150109P00310000,0.265,0.23,0.30,-0.19,-41.7582,16,92,0.2650,0.3423,34.5211,-0.0339,0.0039,-0.0731,-0.0529,0.0428,-0.0033
01/09/2015,312.5,Call,NFLX  150109C00312500,30.975,29.70,32.25,1.10,3.682,0,0,30.9750,0.3118,33.7632,0.9674,0.0041,-0.0659,-0.0624,0.0414,0.0825
01/09/2015,312.5,Put,NFLX  150109P00312500,0.340,0.30,0.38,-0.21,-38.7387,122,28,0.3400,0.3353,33.7632,-0.0429,0.0048,-0.0867,-0.0551,0.0518,-0.0041
01/09/2015,315.0,Call,NFLX  150109C00315000,28.500,27.30,29.70,1.08,3.9198,0,6,28.5000,0.2952,33.0311,0.9626,0.0049,-0.0698,-0.0696,0.0464,0.0827
01/09/2015,315.0,Put,NFLX  150109P00315000,0.440,0.41,0.47,-0.24,-34.8148,16,181,0.4400,0.3291,33.0311,-0.0544,0.0059,-0.1030,-0.0573,0.0627,-0.0052
01/09/2015,317.5,Call,NFLX  150109C00317500,26.150,24.90,27.40,1.05,4.1833,0,12,26.1500,0.2995,32.3256,0.9450,0.0065,-0.0961,-0.0681,0.0632,0.0817
01/09/2015,317.5,Put,NFLX  150109P00317500,0.555,0.51,0.60,-0.32,-36.9318,30,17,0.5550,0.3212,32.3256,-0.0677,0.0072,-0.1193,-0.0601,0.0744,-0.0065
01/09/2015,320.0,Call,NFLX  150109C00320000,23.700,22.55,24.85,0.98,4.2904,24,50,23.7000,0.2826,31.6474,0.9361,0.0078,-0.1019,-0.0765,0.0711,0.0815
01/09/2015,320.0,Put,NFLX  150109P00320000,0.710,0.66,0.76,-0.39,-35.4545,40,113,0.7100,0.3145,31.6474,-0.0849,0.0087,-0.1387,-0.0627,0.0883,-0.0082
01/09/2015,322.5,Call,NFLX  150109C00322500,21.300,20.25,22.35,0.60,2.8985,0,0,21.3000,0.2705,30.9974,0.9215,0.0095,-0.1140,-0.0837,0.0833,0.0808
01/09/2015,322.5,Put,NFLX  150109P00322500,0.905,0.86,0.95,-0.45,-33.4559,22,52,0.9050,0.3078,30.9974,-0.1058,0.0105,-0.1596,-0.0655,0.1039,-0.0102
01/09/2015,325.0,Call,NFLX  150109C00325000,19.200,18.00,20.40,0.75,4.065,0,30,19.2000,0.2843,30.3764,0.8819,0.0122,-0.1611,-0.0760,0.1124,0.0777
01/09/2015,325.0,Put,NFLX  150109P00325000,1.140,1.09,1.19,-0.55,-32.5444,26,160,1.1400,0.3002,30.3764,-0.1305,0.0124,-0.1806,-0.0688,0.1205,-0.0126
01/09/2015,327.5,Call,NFLX  150109C00327500,17.175,16.10,18.25,0.83,5.0459,0,8,17.1750,0.2924,29.7853,0.8400,0.0146,-0.2033,-0.0720,0.1382,0.0743
01/09/2015,327.5,Put,NFLX  150109P00327500,1.465,1.41,1.52,-0.62,-29.5673,17,103,1.4650,0.2948,29.7853,-0.1616,0.0147,-0.2055,-0.0714,0.1407,-0.0147
01/09/2015,330.0,Call,NFLX  150109C00330000,14.750,13.75,15.75,0.23,1.5491,21,98,14.7500,0.266,29.2249,0.8201,0.0174,-0.1994,-0.0870,0.1490,0.0731
01/09/2015,330.0,Put,NFLX  150109P00330000,1.855,1.79,1.92,-0.72,-27.9612,143,133,1.8550,0.2887,29.2249,-0.1981,0.0170,-0.2287,-0.0745,0.1571,-0.0180
01/09/2015,332.5,Call,NFLX  150109C00332500,12.900,11.95,13.85,0.30,2.3809,4,12,12.9000,0.2723,28.696,0.7668,0.0198,-0.2379,-0.0832,0.1739,0.0686
01/09/2015,332.5,Put,NFLX  150109P00332500,2.365,2.29,2.44,-0.83,-26.0937,13,36,2.3650,0.2841,28.696,-0.2418,0.0194,-0.2524,-0.0769,0.1806,-0.0218
01/09/2015,335.0,Call,NFLX  150109C00335000,10.950,10.00,11.90,0.12,1.1547,4,56,10.9500,0.2652,28.1995,0.7176,0.0224,-0.2558,-0.0877,0.1920,0.0645
01/09/2015,335.0,Put,NFLX  150109P00335000,2.915,2.88,2.95,-0.99,-25.2564,168,205,2.9150,0.2759,28.1995,-0.2892,0.0219,-0.2685,-0.0815,0.1925,-0.0260
01/09/2015,337.5,Call,NFLX  150109C00337500,9.775,9.40,10.15,0.55,5.9621,3,46,9.7750,0.2893,27.7363,0.6467,0.0226,-0.3065,-0.0738,0.2111,0.0581
01/09/2015,337.5,Put,NFLX  150109P00337500,3.750,3.65,3.85,-0.98,-20.6349,26,69,3.7500,0.2758,27.7363,-0.3472,0.0237,-0.2899,-0.0816,0.2115,-0.0309
01/09/2015,340.0,Call,NFLX  150109C00340000,7.975,7.70,8.25,0.22,2.9032,57,93,7.9750,0.2757,27.307,0.5914,0.0248,-0.3051,-0.0813,0.2207,0.0534
01/09/2015,340.0,Put,NFLX  150109P00340000,4.675,4.55,4.80,-1.05,-18.3406,91,107,4.6750,0.2731,27.307,-0.4079,0.0251,-0.3019,-0.0833,0.2188,-0.0361
01/09/2015,342.5,Call,NFLX  150109C00342500,6.625,6.40,6.85,0.27,4.3307,92,96,6.6250,0.2759,26.9124,0.5281,0.0254,-0.3127,-0.0812,0.2261,0.0478
01/09/2015,342.5,Put,NFLX  150109P00342500,5.725,5.60,5.85,-1.15,-16.7273,48,69,5.7250,0.2687,26.9124,-0.4717,0.0262,-0.3041,-0.0861,0.2263,-0.0413
01/09/2015,345.0,Call,NFLX  150109C00345000,5.300,5.20,5.40,0.12,2.4155,261,305,5.3000,0.2701,26.5532,0.4635,0.0259,-0.3055,-0.0847,0.2257,0.0421
01/09/2015,345.0,Put,NFLX  150109P00345000,7.100,6.80,7.40,-1.15,-13.9394,67,51,7.1000,0.272,26.5532,-0.5363,0.0258,-0.3075,-0.0840,0.2249,-0.0463
01/09/2015,347.5,Call,NFLX  150109C00347500,4.175,4.05,4.30,0.05,1.2121,15,126,4.1750,0.266,26.2299,0.3983,0.0255,-0.2922,-0.0874,0.2192,0.0363
01/09/2015,347.5,Put,NFLX  150109P00347500,8.650,7.95,9.35,-0.98,-10.1299,0,37,8.6500,0.2758,26.2299,-0.5977,0.0248,-0.3034,-0.0818,0.2213,-0.0511
01/09/2015,350.0,Call,NFLX  150109C00350000,3.250,3.10,3.40,0.03,0.7752,146,263,3.2500,0.2637,25.9431,0.3356,0.0243,-0.2736,-0.0889,0.2071,0.0307
01/09/2015,350.0,Put,NFLX  150109P00350000,10.500,9.55,11.45,-0.77,-6.8736,20,74,10.5000,0.2873,25.9431,-0.6505,0.0228,-0.3025,-0.0753,0.2090,-0.0547
01/09/2015,352.5,Call,NFLX  150109C00352500,2.370,2.18,2.56,-0.13,-5.2,74,76,2.3700,0.2557,25.693,0.2718,0.0228,-0.2414,-0.0946,0.1885,0.0249
01/09/2015,352.5,Put,NFLX  150109P00352500,12.200,11.20,13.20,-0.75,-5.7915,10,19,12.2000,0.2854,25.693,-0.7055,0.0214,-0.2794,-0.0764,0.1976,-0.0584
01/09/2015,355.0,Call,NFLX  150109C00355000,1.785,1.65,1.92,-0.19,-9.6203,187,391,1.7850,0.2554,25.4799,0.2191,0.0204,-0.2147,-0.0948,0.1678,0.0201
01/09/2015,355.0,Put,NFLX  150109P00355000,13.975,12.95,15.00,-0.97,-6.5217,1,67,13.9750,0.2805,25.4799,-0.7591,0.0196,-0.2480,-0.0792,0.1752,-0.0611
01/09/2015,357.5,Call,NFLX  150109C00357500,1.285,1.14,1.43,-0.12,-8.5409,27,34,1.2850,0.2527,25.304,0.1706,0.0177,-0.1823,-0.0969,0.1441,0.0157
01/09/2015,357.5,Put,NFLX  150109P00357500,16.000,14.95,17.05,-0.83,-4.9034,5,13,16.0000,0.2828,25.304,-0.8016,0.0174,-0.2234,-0.0779,0.1612,-0.0631
01/09/2015,360.0,Call,NFLX  150109C00360000,1.000,0.95,1.05,-0.09,-7.8341,94,169,1.0000,0.2582,25.1651,0.1370,0.0150,-0.1611,-0.0928,0.1246,0.0126
01/09/2015,360.0,Put,NFLX  150109P00360000,18.125,17.10,19.15,-0.88,-4.6053,4,40,18.1250,0.2862,25.1651,-0.8377,0.0152,-0.1992,-0.0762,0.1449,-0.0639
01/09/2015,362.5,Call,NFLX  150109C00362500,0.650,0.55,0.75,-0.06,-8.4507,55,72,0.6500,0.2512,25.0632,0.0982,0.0121,-0.1238,-0.0981,0.0984,0.0091
01/09/2015,362.5,Put,NFLX  150109P00362500,20.325,19.30,21.35,-0.90,-4.2403,0,10,20.3250,0.2892,25.0632,-0.8684,0.0130,-0.1745,-0.0747,0.1209,-0.0643
01/09/2015,365.0,Call,NFLX  150109C00365000,0.475,0.41,0.54,-0.03,-6.8627,223,138,0.4750,0.2539,24.9979,0.0748,0.0098,-0.1020,-0.0960,0.0802,0.0069
01/09/2015,365.0,Put,NFLX  150109P00365000,22.450,21.25,23.65,-1.17,-4.9735,0,5,22.4500,0.2788,24.9979,-0.9054,0.0107,-0.1326,-0.0806,0.0994,-0.0628
01/09/2015,367.5,Call,NFLX  150109C00367500,0.310,0.23,0.39,-0.13,-29.5455,12,40,0.3100,0.2511,24.9688,0.0524,0.0075,-0.0765,-0.0982,0.0608,0.0048
01/09/2015,367.5,Put,NFLX  150109P00367500,24.775,23.55,26.00,-1.23,-4.7115,0,24,24.7750,0.2808,24.9688,-0.9265,0.0088,-0.1102,-0.0797,0.0815,-0.0612
01/09/2015,370.0,Call,NFLX  150109C00370000,0.225,0.17,0.28,-0.09,-29.6875,4,77,0.2250,0.2546,24.9751,0.0392,0.0059,-0.0614,-0.0955,0.0482,0.0036
01/09/2015,370.0,Put,NFLX  150109P00370000,26.925,25.85,28.00,-1.35,-4.7745,0,37,26.9250,0.2418,24.9751,-0.9690,0.0052,-0.0469,-0.1098,0.0417,-0.0490
01/09/2015,372.5,Call,NFLX  150109C00372500,0.145,0.09,0.20,-0.08,-35.5556,1,15,0.1612,0.2577,25.0163,0.0290,0.0045,-0.0485,-0.0932,0.0376,0.0027
01/09/2015,372.5,Put,NFLX  150109P00372500,29.625,28.35,30.90,-1.03,-3.3442,0,15,29.5169,0.2806,25.0163,-0.9597,0.0055,-0.0681,-0.0806,0.0515,-0.0545
01/09/2015,375.0,Call,NFLX  150109C00375000,0.115,0.08,0.15,-0.07,-36.1111,1,52,0.1150,0.2608,25.0914,0.0213,0.0034,-0.0378,-0.0910,0.0290,0.0020
01/09/2015,375.0,Put,NFLX  150109P00375000,32.125,30.85,33.40,-1.03,-3.092,1,12,32.1250,0.3194,25.0914,-0.9510,0.0056,-0.0911,-0.0619,0.0601,-0.0585
01/09/2015,377.5,Call,NFLX  150109C00377500,0.110,0.06,0.16,-0.02,-15.3846,72,18,0.0752,0.2608,25.1995,0.0146,0.0025,-0.0274,-0.0910,0.0210,0.0013
01/09/2015,377.5,Put,NFLX  150109P00377500,34.175,32.45,35.90,-1.45,-4.0702,3,8,34.5258,0.3194,25.1995,-0.9628,0.0045,-0.0727,-0.0622,0.0506,-0.0549
01/17/2015,310.0,Call,NFLX  150117C00310000,34.050,32.85,35.25,-0.80,-2.2956,0,126,34.0500,0.33,35.8149,0.9287,0.0056,-0.0992,-0.0561,0.1008,0.1326
01/17/2015,310.0,Put,NFLX  150117P00310000,1.010,0.95,1.07,-2.06,-67.0473,138,1134,1.0100,0.3501,35.8149,-0.0828,0.0059,-0.1162,-0.0506,0.1130,-0.0137
01/17/2015,312.5,Call,NFLX  150117C00312500,31.750,30.50,33.00,-0.72,-2.2325,4,1,31.7500,0.3278,35.0317,0.9135,0.0065,-0.1139,-0.0570,0.1168,0.1312
01/17/2015,312.5,Put,NFLX  150117P00312500,1.165,1.10,1.23,-2.28,-66.2319,180,47,1.1650,0.3418,35.0317,-0.0952,0.0067,-0.1259,-0.0531,0.1254,-0.0158
01/17/2015,315.0,Call,NFLX  150117C00315000,29.400,28.20,30.60,-1.72,-5.5422,3,95,29.4000,0.3186,34.2759,0.9004,0.0074,-0.1228,-0.0604,0.1296,0.1302
01/17/2015,315.0,Put,NFLX  150117P00315000,1.375,1.33,1.42,-2.53,-64.7436,131,1112,1.3750,0.3357,34.2759,-0.1108,0.0076,-0.1381,-0.0551,0.1400,-0.0184
01/17/2015,317.5,Call,NFLX  150117C00317500,26.950,25.95,27.95,-1.97,-6.828,13,33,26.9500,0.3006,33.5481,0.8916,0.0084,-0.1232,-0.0679,0.1378,0.1300
01/17/2015,317.5,Put,NFLX  150117P00317500,1.600,1.55,1.65,-2.80,-63.6364,57,39,1.6000,0.3282,33.5481,-0.1278,0.0086,-0.1493,-0.0576,0.1549,-0.0212
01/17/2015,320.0,Call,NFLX  150117C00320000,24.750,23.75,25.75,-2.42,-8.9236,13,245,24.7500,0.2984,32.8494,0.8690,0.0096,-0.1395,-0.0690,0.1575,0.1274
01/17/2015,320.0,Put,NFLX  150117P00320000,1.875,1.83,1.92,-3.03,-61.7347,162,1188,1.8750,0.3215,32.8494,-0.1478,0.0097,-0.1615,-0.0600,0.1710,-0.0245
01/17/2015,322.5,Call,NFLX  150117C00322500,22.575,21.55,23.60,-2.67,-10.5941,31,7,22.5750,0.2942,32.1804,0.8447,0.0109,-0.1542,-0.0710,0.1767,0.1245
01/17/2015,322.5,Put,NFLX  150117P00322500,2.260,2.18,2.34,-3.27,-59.095,10,122,2.2600,0.3183,32.1804,-0.1730,0.0109,-0.1771,-0.0613,0.1895,-0.0287
01/17/2015,325.0,Call,NFLX  150117C00325000,21.050,20.20,21.90,-2.10,-9.0713,7,444,21.0500,0.3191,31.5421,0.7962,0.0120,-0.1980,-0.0605,0.2097,0.1175
01/17/2015,325.0,Put,NFLX  150117P00325000,2.675,2.59,2.76,-3.52,-56.8548,239,988,2.6750,0.3134,31.5421,-0.1999,0.0121,-0.1907,-0.0632,0.2073,-0.0332
01/17/2015,327.5,Call,NFLX  150117C00327500,18.675,17.80,19.55,-2.98,-13.7413,85,53,18.6750,0.2978,30.9355,0.7773,0.0135,-0.1946,-0.0694,0.2208,0.1156
01/17/2015,327.5,Put,NFLX  150117P00327500,3.100,3.05,3.15,-3.83,-55.2347,38,99,3.1000,0.306,30.9355,-0.2282,0.0133,-0.2012,-0.0663,0.2240,-0.0379
01/17/2015,330.0,Call,NFLX  150117C00330000,17.100,16.70,17.50,-2.52,-12.8662,78,432,17.1000,0.3091,30.3613,0.7336,0.0143,-0.2222,-0.0645,0.2433,0.1093
01/17/2015,330.0,Put,NFLX  150117P00330000,3.650,3.55,3.75,-4.07,-52.7508,514,906,3.6500,0.3011,30.3613,-0.2612,0.0146,-0.2138,-0.0685,0.2454,-0.0404
01/17/2015,332.5,Call,NFLX  150117C00332500,15.475,14.95,16.00,-2.65,-14.6207,53,43,15.4750,0.3131,29.8204,0.6932,0.0151,-0.2406,-0.0630,0.2601,0.1036
01/17/2015,332.5,Put,NFLX  150117P00332500,4.325,4.25,4.40,-4.28,-49.7093,122,162,4.3250,0.2978,29.8204,-0.2987,0.0158,-0.2256,-0.0700,0.2628,-0.0458
01/17/2015,335.0,Call,NFLX  150117C00335000,13.450,13.20,13.70,-3.10,-18.7311,123,835,13.4500,0.2983,29.3138,0.6593,0.0166,-0.2393,-0.0694,0.2716,0.0991
01/17/2015,335.0,Put,NFLX  150117P00335000,5.050,4.95,5.15,-4.55,-47.3958,871,975,5.0500,0.2928,29.3138,-0.3382,0.0169,-0.2337,-0.0725,0.2746,-0.0516
01/17/2015,337.5,Call,NFLX  150117C00337500,11.650,11.35,11.95,-3.40,-22.5914,69,166,11.6500,0.2888,28.8423,0.6189,0.0178,-0.2407,-0.0740,0.2823,0.0935
01/17/2015,337.5,Put,NFLX  150117P00337500,5.875,5.80,5.95,-4.62,-44.0476,266,222,5.8750,0.2879,28.8423,-0.3808,0.0179,-0.2393,-0.0750,0.2841,-0.0578
01/17/2015,340.0,Call,NFLX  150117C00340000,10.125,9.90,10.35,-3.55,-25.9598,507,1048,10.1250,0.2855,28.4066,0.5736,0.0185,-0.2448,-0.0757,0.2905,0.0870
01/17/2015,340.0,Put,NFLX  150117P00340000,6.950,6.75,7.15,-4.68,-40.2151,617,1620,6.9500,0.288,28.4066,-0.4268,0.0185,-0.2463,-0.0749,0.2910,-0.0645
01/17/2015,342.5,Call,NFLX  150117C00342500,8.850,8.60,9.10,-3.47,-28.1947,104,168,8.8500,0.2868,28.0075,0.5266,0.0187,-0.2496,-0.0751,0.2949,0.0801
01/17/2015,342.5,Put,NFLX  150117P00342500,7.900,7.80,8.00,-4.95,-38.5214,237,76,7.9000,0.28,28.0075,-0.4734,0.0193,-0.2430,-0.0793,0.2950,-0.0709
01/17/2015,345.0,Call,NFLX  150117C00345000,7.525,7.25,7.80,-3.67,-32.8125,750,1142,7.5250,0.2825,27.6457,0.4790,0.0190,-0.2459,-0.0774,0.2951,0.0731
01/17/2015,345.0,Put,NFLX  150117P00345000,9.100,8.95,9.25,-5.00,-35.461,223,1604,9.1000,0.2766,27.6457,-0.5221,0.0195,-0.2403,-0.0813,0.2962,-0.0775
01/17/2015,347.5,Call,NFLX  150117C00347500,6.250,6.15,6.35,-3.77,-37.6559,327,174,6.2500,0.2757,27.3216,0.4299,0.0192,-0.2366,-0.0813,0.2909,0.0658
01/17/2015,347.5,Put,NFLX  150117P00347500,10.450,10.30,10.60,-5.07,-32.6892,48,29,10.4500,0.2741,27.3216,-0.5709,0.0194,-0.2347,-0.0828,0.2885,-0.0835
01/17/2015,350.0,Call,NFLX  150117C00350000,5.225,5.10,5.35,-3.60,-40.7932,769,1793,5.2250,0.2734,27.0358,0.3820,0.0188,-0.2277,-0.0827,0.2825,0.0586
01/17/2015,350.0,Put,NFLX  150117P00350000,11.875,11.65,12.10,-4.78,-28.6787,62,1112,11.8750,0.2698,27.0358,-0.6200,0.0191,-0.2237,-0.0855,0.2809,-0.0896
01/17/2015,352.5,Call,NFLX  150117C00352500,4.300,4.20,4.40,-3.50,-44.8718,22,64,4.3000,0.2704,26.7885,0.3350,0.0182,-0.2151,-0.0846,0.2699,0.0515
01/17/2015,352.5,Put,NFLX  150117P00352500,13.750,13.30,14.20,-4.53,-24.7606,64,83,13.7500,0.2777,26.7885,-0.6606,0.0179,-0.2213,-0.0808,0.2709,-0.0946
01/17/2015,355.0,Call,NFLX  150117C00355000,3.500,3.40,3.60,-3.50,-50,522,996,3.5000,0.2677,26.5801,0.2900,0.0173,-0.2001,-0.0863,0.2536,0.0447
01/17/2015,355.0,Put,NFLX  150117P00355000,15.775,15.00,16.55,-4.25,-21.2235,42,373,15.7750,0.2881,26.5801,-0.6952,0.0165,-0.2196,-0.0750,0.2585,-0.0986
01/17/2015,357.5,Call,NFLX  150117C00357500,2.950,2.75,3.15,-3.23,-52.2267,109,142,2.9500,0.271,26.4105,0.2527,0.0159,-0.1891,-0.0842,0.2367,0.0390
01/17/2015,357.5,Put,NFLX  150117P00357500,17.525,16.50,18.55,-4.50,-20.4313,36,15,17.5250,0.2845,26.4105,-0.7364,0.0156,-0.2020,-0.0770,0.2443,-0.1026
01/17/2015,360.0,Call,NFLX  150117C00360000,2.290,2.08,2.50,-2.99,-56.5877,381,1439,2.2900,0.2655,26.2797,0.2111,0.0147,-0.1675,-0.0877,0.2141,0.0327
01/17/2015,360.0,Put,NFLX  150117P00360000,19.225,18.40,20.05,-4.35,-18.4518,29,428,19.2250,0.2743,26.2797,-0.7814,0.0146,-0.1759,-0.0830,0.2249,-0.1054
01/17/2015,362.5,Call,NFLX  150117C00362500,1.795,1.71,1.88,-2.93,-62.0106,78,127,1.7950,0.263,26.1874,0.1755,0.0133,-0.1482,-0.0894,0.1913,0.0272
01/17/2015,362.5,Put,NFLX  150117P00362500,21.400,20.45,22.35,-4.10,-16.0784,19,18,21.4000,0.2814,26.1874,-0.8080,0.0132,-0.1669,-0.0789,0.2116,-0.1075
01/17/2015,365.0,Call,NFLX  150117C00365000,1.365,1.26,1.47,-2.71,-66.5031,150,619,1.3650,0.2593,26.1332,0.1424,0.0117,-0.1274,-0.0920,0.1668,0.0221
01/17/2015,365.0,Put,NFLX  150117P00365000,23.500,22.40,24.60,-3.77,-13.8405,4,572,23.5000,0.2816,26.1332,-0.8372,0.0119,-0.1503,-0.0789,0.1877,-0.1084
01/17/2015,367.5,Call,NFLX  150117C00367500,1.070,0.96,1.18,-2.53,-70.2778,65,120,1.0700,0.2592,26.1166,0.1167,0.0102,-0.1109,-0.0921,0.1453,0.0182
01/17/2015,367.5,Put,NFLX  150117P00367500,25.775,24.75,26.80,-3.55,-12.1057,29,1,25.7750,0.2887,26.1166,-0.8572,0.0106,-0.1412,-0.0751,0.1760,-0.1091
01/17/2015,370.0,Call,NFLX  150117C00370000,0.895,0.85,0.94,-2.05,-69.6095,235,1182,0.8950,0.2643,26.1369,0.0991,0.0089,-0.1005,-0.0886,0.1291,0.0154
01/17/2015,370.0,Put,NFLX  150117P00370000,27.900,26.90,28.90,-3.55,-11.2878,35,547,27.9000,0.2832,26.1369,-0.8850,0.0093,-0.1188,-0.0783,0.1458,-0.1079
01/17/2015,372.5,Call,NFLX  150117C00372500,0.710,0.67,0.75,-1.84,-72.1022,35,78,0.7100,0.2657,26.1933,0.0812,0.0076,-0.0872,-0.0876,0.1114,0.0126
01/17/2015,372.5,Put,NFLX  150117P00372500,30.300,29.25,31.35,-3.25,-9.687,17,9,30.3000,0.2939,26.1933,-0.8965,0.0083,-0.1143,-0.0727,0.1405,-0.1078
01/17/2015,375.0,Call,NFLX  150117C00375000,0.550,0.53,0.57,-1.71,-75.6637,393,1018,0.5500,0.266,26.2847,0.0653,0.0065,-0.0739,-0.0874,0.0943,0.0102
01/17/2015,375.0,Put,NFLX  150117P00375000,32.625,31.55,33.70,-2.90,-8.1633,22,552,32.6250,0.297,26.2847,-0.9120,0.0073,-0.1024,-0.0713,0.1236,-0.1062
01/17/2015,377.5,Call,NFLX  150117C00377500,0.450,0.42,0.48,-1.47,-76.5625,22,65,0.4500,0.2698,26.4103,0.0543,0.0055,-0.0648,-0.0850,0.0816,0.0085
01/17/2015,377.5,Put,NFLX  150117P00377500,34.775,33.20,36.35,-2.95,-7.8197,0,6,34.7750,0.2792,26.4103,-0.9401,0.0058,-0.0713,-0.0814,0.0924,-0.0987
01/23/2015,310.0,Call,NFLX  150123C00310000,41.125,39.90,42.35,1.00,2.4922,0,15,41.1250,0.6088,61.243,0.7676,0.0057,-0.3420,-0.0167,0.2688,0.1462
01/23/2015,310.0,Put,NFLX  150123P00310000,8.100,7.60,8.60,0.03,0.3096,31,10,8.1000,0.6171,61.243,-0.2346,0.0057,-0.3482,-0.0163,0.2693,-0.0544
01/23/2015,312.5,Call,NFLX  150123C00312500,39.125,37.75,40.50,0.95,2.4885,0,0,39.1250,0.6006,60.8764,0.7539,0.0060,-0.3481,-0.0171,0.2774,0.1444
01/23/2015,312.5,Put,NFLX  150123P00312500,8.675,7.50,9.85,-0.38,-4.1436,1,0,8.6750,0.6119,60.8764,-0.2492,0.0059,-0.3555,-0.0166,0.2792,-0.0620
01/23/2015,315.0,Call,NFLX  150123C00315000,37.275,35.90,38.65,0.75,2.0534,0,0,37.2750,0.5966,60.5163,0.7384,0.0062,-0.3570,-0.0174,0.2864,0.1421
01/23/2015,315.0,Put,NFLX  150123P00315000,9.350,8.15,10.55,-0.35,-3.6083,0,31,9.3500,0.6078,60.5163,-0.2644,0.0061,-0.3656,-0.0168,0.2883,-0.0612
01/23/2015,317.5,Call,NFLX  150123C00317500,35.300,34.10,36.50,0.65,1.8759,0,10,35.3000,0.587,60.1625,0.7236,0.0065,-0.3610,-0.0179,0.2944,0.1401
01/23/2015,317.5,Put,NFLX  150123P00317500,9.900,8.90,10.90,-0.43,-4.1162,0,1,9.9000,0.5994,60.1625,-0.2792,0.0064,-0.3707,-0.0173,0.2966,-0.0645
01/23/2015,320.0,Call,NFLX  150123C00320000,33.625,32.45,34.80,0.58,1.7398,0,3,33.6250,0.5863,59.8151,0.7061,0.0067,-0.3713,-0.0180,0.3031,0.1372
01/23/2015,320.0,Put,NFLX  150123P00320000,10.425,10.15,10.70,-1.13,-9.7403,35,11,10.4250,0.5878,59.8151,-0.2941,0.0067,-0.3723,-0.0180,0.3057,-0.0677
01/23/2015,322.5,Call,NFLX  150123C00322500,32.050,30.65,33.45,0.95,3.0547,0,0,32.0500,0.5873,59.4739,0.6878,0.0068,-0.3820,-0.0179,0.3114,0.1342
01/23/2015,322.5,Put,NFLX  150123P00322500,11.525,10.60,12.45,-0.53,-4.3569,77,0,11.5250,0.5949,59.4739,-0.3135,0.0068,-0.3880,-0.0175,0.3069,-0.0723
01/23/2015,325.0,Call,NFLX  150123C00325000,30.450,29.25,31.65,0.58,1.9247,0,5,30.4500,0.586,59.139,0.6697,0.0070,-0.3902,-0.0180,0.3189,0.1311
01/23/2015,325.0,Put,NFLX  150123P00325000,12.075,11.50,12.65,-0.82,-6.3953,20,19,12.0750,0.582,59.139,-0.3295,0.0071,-0.3872,-0.0183,0.3207,-0.0756
01/23/2015,327.5,Call,NFLX  150123C00327500,28.700,27.60,29.80,0.48,1.6829,0,8,28.7000,0.5786,58.8102,0.6522,0.0073,-0.3930,-0.0185,0.3253,0.1283
01/23/2015,327.5,Put,NFLX  150123P00327500,13.150,12.55,13.75,-0.68,-4.8825,95,1,13.1500,0.585,58.8102,-0.3487,0.0072,-0.3980,-0.0181,0.3219,-0.0802
01/23/2015,330.0,Call,NFLX  150123C00330000,27.250,26.40,28.10,0.80,3.0246,25,79,27.2500,0.579,58.4875,0.6330,0.0074,-0.4007,-0.0184,0.3314,0.1249
01/23/2015,330.0,Put,NFLX  150123P00330000,14.075,13.75,14.40,-0.60,-4.0886,130,74,14.0750,0.5811,58.4875,-0.3672,0.0074,-0.4022,-0.0184,0.3331,-0.0841
01/23/2015,332.5,Call,NFLX  150123C00332500,25.625,24.35,26.90,0.45,1.7875,0,0,25.6250,0.5728,58.1708,0.6143,0.0076,-0.4026,-0.0188,0.3366,0.1218
01/23/2015,332.5,Put,NFLX  150123P00332500,15.175,14.50,15.85,-0.70,-4.4094,87,46,15.1750,0.5819,58.1708,-0.3865,0.0075,-0.4095,-0.0183,0.3344,-0.0887
01/23/2015,335.0,Call,NFLX  150123C00335000,24.650,24.00,25.30,1.05,4.4492,4,65,24.6500,0.5843,57.8601,0.5939,0.0075,-0.4163,-0.0181,0.3413,0.1178
01/23/2015,335.0,Put,NFLX  150123P00335000,16.075,15.65,16.50,-0.15,-0.9245,23,18,16.0750,0.5746,57.8601,-0.4055,0.0077,-0.4094,-0.0188,0.3424,-0.0926
01/23/2015,337.5,Call,NFLX  150123C00337500,23.050,22.25,23.85,0.60,2.6726,0,55,23.0500,0.5759,57.5552,0.5748,0.0077,-0.4147,-0.0186,0.3449,0.1146
01/23/2015,337.5,Put,NFLX  150123P00337500,17.375,16.55,18.20,-0.60,-3.338,0,5,17.3750,0.5783,57.5552,-0.4252,0.0077,-0.4167,-0.0186,0.3437,-0.0972
01/23/2015,340.0,Call,NFLX  150123C00340000,21.725,21.05,22.40,0.80,3.8232,134,46,21.7250,0.5742,57.2562,0.5551,0.0078,-0.4168,-0.0188,0.3478,0.1110
01/23/2015,340.0,Put,NFLX  150123P00340000,18.150,17.70,18.60,-0.57,-3.0708,358,79,18.1500,0.5647,57.2562,-0.4449,0.0080,-0.4100,-0.0195,0.3485,-0.1011
01/23/2015,342.5,Call,NFLX  150123C00342500,20.700,20.15,21.25,0.95,4.8101,76,105,20.7000,0.5797,56.9631,0.5356,0.0078,-0.4231,-0.0184,0.3497,0.1073
01/23/2015,342.5,Put,NFLX  150123P00342500,19.575,19.20,19.95,-0.83,-4.0441,20,4,19.5750,0.5691,56.9631,-0.4648,0.0080,-0.4158,-0.0192,0.3498,-0.1058
01/23/2015,345.0,Call,NFLX  150123C00345000,19.350,19.05,19.65,1.00,5.4496,754,438,19.3500,0.5745,56.6756,0.5158,0.0079,-0.4206,-0.0187,0.3508,0.1037
01/23/2015,345.0,Put,NFLX  150123P00345000,20.850,20.65,21.05,-0.48,-2.2274,1361,508,20.8500,0.5672,56.6756,-0.4848,0.0080,-0.4154,-0.0193,0.3511,-0.1099
01/23/2015,347.5,Call,NFLX  150123C00347500,18.100,17.65,18.55,0.90,5.2325,173,29,18.1000,0.5707,56.3938,0.4958,0.0079,-0.4182,-0.0190,0.3511,0.1000
01/23/2015,347.5,Put,NFLX  150123P00347500,22.500,21.75,23.25,-0.60,-2.5974,0,6,22.5000,0.5751,56.3938,-0.5038,0.0079,-0.4217,-0.0188,0.3523,-0.1144
01/23/2015,350.0,Call,NFLX  150123C00350000,16.850,16.50,17.20,0.83,5.1482,165,99,16.8500,0.5656,56.1177,0.4755,0.0080,-0.4136,-0.0193,0.3505,0.0962
01/23/2015,350.0,Put,NFLX  150123P00350000,23.250,22.75,23.75,-0.62,-2.6178,2,51,23.2500,0.5555,56.1177,-0.5260,0.0082,-0.4062,-0.0201,0.3501,-0.1184
01/23/2015,352.5,Call,NFLX  150123C00352500,15.725,15.00,16.45,0.83,5.5369,90,22,15.7250,0.5626,55.8471,0.4555,0.0080,-0.4097,-0.0195,0.3489,0.0925
01/23/2015,352.5,Put,NFLX  150123P00352500,25.025,24.50,25.55,-0.85,-3.285,0,17,25.0250,0.5642,55.8471,-0.5444,0.0080,-0.4110,-0.0195,0.3513,-0.1227
01/23/2015,355.0,Call,NFLX  150123C00355000,14.775,14.20,15.35,0.95,6.8716,54,48,14.7750,0.5633,55.5821,0.4363,0.0079,-0.4074,-0.0195,0.3466,0.0887
01/23/2015,355.0,Put,NFLX  150123P00355000,26.725,25.50,27.95,-0.30,-1.1101,0,28,26.7250,0.569,55.5821,-0.5626,0.0079,-0.4117,-0.0192,0.3456,-0.1265
01/23/2015,357.5,Call,NFLX  150123C00357500,13.375,12.35,14.40,0.52,4.0856,2,13,13.3750,0.5495,55.3225,0.4138,0.0081,-0.3932,-0.0205,0.3429,0.0846
01/23/2015,357.5,Put,NFLX  150123P00357500,28.225,27.20,29.25,-0.57,-1.9965,0,5,28.2250,0.5671,55.3225,-0.5820,0.0079,-0.4067,-0.0193,0.3468,-0.1307
01/23/2015,360.0,Call,NFLX  150123C00360000,12.675,12.00,13.35,0.68,5.625,4,38,12.6750,0.5548,55.0684,0.3961,0.0079,-0.3925,-0.0201,0.3391,0.0811
01/23/2015,360.0,Put,NFLX  150123P00360000,29.925,28.80,31.05,0.17,0.5882,0,0,29.9250,0.5695,55.0684,-0.6000,0.0077,-0.4041,-0.0192,0.3377,-0.1342
01/23/2015,362.5,Call,NFLX  150123C00362500,11.425,10.40,12.45,0.12,1.1062,0,8,11.4250,0.5423,54.8196,0.3735,0.0079,-0.3771,-0.0210,0.3333,0.0768
01/23/2015,362.5,Put,NFLX  150123P00362500,31.275,29.95,32.60,-0.55,-1.7282,0,3,31.2750,0.5604,54.8196,-0.6210,0.0077,-0.3915,-0.0198,0.3389,-0.1384
01/23/2015,365.0,Call,NFLX  150123C00365000,10.900,10.35,11.45,0.50,4.8077,10,28,10.9000,0.5502,54.5761,0.3577,0.0077,-0.3771,-0.0204,0.3285,0.0736
01/23/2015,365.0,Put,NFLX  150123P00365000,33.050,31.85,34.25,-0.35,-1.0479,0,9,33.0500,0.5624,54.5761,-0.6383,0.0076,-0.3868,-0.0197,0.3268,-0.1416
01/23/2015,367.5,Call,NFLX  150123C00367500,9.900,8.95,10.85,0.45,4.7619,0,8,9.9000,0.5423,54.338,0.3369,0.0077,-0.3635,-0.0210,0.3213,0.0695
01/23/2015,367.5,Put,NFLX  150123P00367500,34.725,33.55,35.90,-0.68,-1.9068,0,3,34.7250,0.5602,54.338,-0.6568,0.0075,-0.3781,-0.0198,0.3279,-0.1454
01/23/2015,370.0,Call,NFLX  150123C00370000,9.050,8.25,9.85,0.30,3.4286,0,115,9.0500,0.5374,54.105,0.3173,0.0075,-0.3516,-0.0214,0.3136,0.0657
01/23/2015,370.0,Put,NFLX  150123P00370000,36.325,35.15,37.50,-0.97,-2.6139,0,3,36.3250,0.5543,54.105,-0.6763,0.0074,-0.3655,-0.0202,0.3129,-0.1485
01/23/2015,372.5,Call,NFLX  150123C00372500,8.375,7.60,9.15,0.20,2.4465,2,1,8.3750,0.5368,53.8772,0.2998,0.0074,-0.3426,-0.0215,0.3059,0.0622
01/23/2015,372.5,Put,NFLX  150123P00372500,37.825,36.30,39.35,-0.60,-1.5615,0,1,37.8250,0.5437,53.8772,-0.6976,0.0073,-0.3482,-0.0210,0.3140,-0.1522
01/23/2015,375.0,Call,NFLX  150123C00375000,7.825,7.15,8.50,0.17,2.2876,14,127,7.8250,0.539,53.6545,0.2841,0.0071,-0.3354,-0.0213,0.2984,0.0590
01/23/2015,375.0,Put,NFLX  150123P00375000,39.925,38.70,41.15,-0.87,-2.1446,0,7,39.9250,0.5509,53.6545,-0.7109,0.0071,-0.3453,-0.0205,0.2967,-0.1547
01/23/2015,377.5,Call,NFLX  150123C00377500,7.125,6.45,7.80,-0.03,-0.3497,0,6,7.1250,0.5348,53.437,0.2661,0.0070,-0.3223,-0.0216,0.2889,0.0554
01/23/2015,377.5,Put,NFLX  150123P00377500,41.675,40.35,43.00,-0.92,-2.1714,0,5,41.6750,0.5455,53.437,-0.7293,0.0069,-0.3311,-0.0209,0.2977,-0.1578
01/30/2015,310.0,Call,NFLX  150130C00310000,41.950,40.60,43.30,0.17,0.4189,0,0,41.9500,0.5622,57.0612,0.7594,0.0055,-0.2834,-0.0195,0.3114,0.1857
01/30/2015,310.0,Put,NFLX  150130P00310000,9.225,8.35,10.10,-1.05,-10.219,0,8,9.2250,0.5798,57.0612,-0.2457,0.0054,-0.2941,-0.0185,0.3150,-0.0795
01/30/2015,312.5,Call,NFLX  150130C00312500,40.125,38.75,41.50,0.28,0.6901,0,1,40.1250,0.5596,56.7174,0.7446,0.0057,-0.2912,-0.0197,0.3215,0.1830
01/30/2015,312.5,Put,NFLX  150130P00312500,9.550,8.35,10.75,-1.43,-12.9841,0,0,9.5500,0.5654,56.7174,-0.2569,0.0057,-0.2947,-0.0194,0.3262,-0.0769
01/30/2015,315.0,Call,NFLX  150130C00315000,38.325,36.95,39.70,0.10,0.2616,0,2,38.3250,0.5567,56.3793,0.7294,0.0059,-0.2983,-0.0199,0.3311,0.1801
01/30/2015,315.0,Put,NFLX  150130P00315000,10.275,9.05,11.50,-1.18,-10.262,0,73,10.2750,0.5632,56.3793,-0.2721,0.0059,-0.3024,-0.0196,0.3276,-0.0816
01/30/2015,317.5,Call,NFLX  150130C00317500,36.650,35.15,38.15,0.33,0.8947,0,0,36.6500,0.5563,56.0469,0.7132,0.0061,-0.3066,-0.0200,0.3406,0.1768
01/30/2015,317.5,Put,NFLX  150130P00317500,11.025,9.80,12.25,-1.28,-10.3659,0,11,11.0250,0.5602,56.0469,-0.2877,0.0061,-0.3089,-0.0198,0.3459,-0.0859
01/30/2015,320.0,Call,NFLX  150130C00320000,34.725,33.45,36.00,0.00,0,0,0,34.7250,0.5474,55.7202,0.6985,0.0064,-0.3088,-0.0206,0.3486,0.1741
01/30/2015,320.0,Put,NFLX  150130P00320000,12.150,11.25,13.05,-0.83,-6.3584,1,21,12.1500,0.567,55.7202,-0.3057,0.0062,-0.3216,-0.0193,0.3472,-0.0917
01/30/2015,322.5,Call,NFLX  150130C00322500,32.975,31.80,34.15,0.00,0,0,0,32.9750,0.5426,55.399,0.6822,0.0066,-0.3131,-0.0210,0.3567,0.1709
01/30/2015,322.5,Put,NFLX  150130P00322500,12.575,11.50,13.65,-1.38,-9.8566,77,38,12.5750,0.5529,55.399,-0.3197,0.0065,-0.3197,-0.0203,0.3628,-0.0952
01/30/2015,325.0,Call,NFLX  150130C00325000,31.325,30.15,32.50,-0.10,-0.3182,0,6,31.3250,0.5395,55.0834,0.6652,0.0068,-0.3180,-0.0212,0.3643,0.1673
01/30/2015,325.0,Put,NFLX  150130P00325000,13.175,12.90,13.45,-1.05,-7.3814,76,77,13.1750,0.5424,55.0834,-0.3353,0.0067,-0.3195,-0.0211,0.3643,-0.0998
01/30/2015,327.5,Call,NFLX  150130C00327500,29.750,28.55,30.95,-0.17,-0.5848,0,2,29.7500,0.5373,54.7733,0.6476,0.0069,-0.3228,-0.0214,0.3714,0.1635
01/30/2015,327.5,Put,NFLX  150130P00327500,14.350,13.75,14.95,-1.05,-6.8182,95,20,14.3500,0.5472,54.7733,-0.3538,0.0068,-0.3292,-0.0207,0.3769,-0.1050
01/30/2015,330.0,Call,NFLX  150130C00330000,28.125,27.00,29.25,-0.23,-0.7937,0,13,28.1250,0.5325,54.4686,0.6300,0.0071,-0.3253,-0.0218,0.3777,0.1598
01/30/2015,330.0,Put,NFLX  150130P00330000,15.075,14.55,15.60,-1.67,-10,87,80,15.0750,0.5379,54.4686,-0.3706,0.0070,-0.3284,-0.0215,0.3784,-0.1100
01/30/2015,332.5,Call,NFLX  150130C00332500,26.725,25.55,27.90,-0.08,-0.2799,0,0,26.7250,0.5325,54.1692,0.6115,0.0072,-0.3302,-0.0218,0.3834,0.1556
01/30/2015,332.5,Put,NFLX  150130P00332500,16.250,15.70,16.80,-1.35,-7.6704,87,3,16.2500,0.5404,54.1692,-0.3891,0.0071,-0.3353,-0.0213,0.3841,-0.1154
01/30/2015,335.0,Call,NFLX  150130C00335000,25.275,24.10,26.45,0.00,0,0,8,25.2750,0.53,53.8752,0.5930,0.0073,-0.3327,-0.0220,0.3882,0.1514
01/30/2015,335.0,Put,NFLX  150130P00335000,17.825,16.90,18.75,-0.97,-5.1862,0,30,17.8250,0.5507,53.8752,-0.4081,0.0071,-0.3456,-0.0205,0.3889,-0.1213
01/30/2015,337.5,Call,NFLX  150130C00337500,23.875,22.70,25.05,-0.10,-0.4171,0,1,23.8750,0.5277,53.5864,0.5743,0.0074,-0.3345,-0.0222,0.3921,0.1471
01/30/2015,337.5,Put,NFLX  150130P00337500,18.700,17.55,19.85,-1.07,-5.4362,0,3,18.7000,0.5429,53.5864,-0.4260,0.0073,-0.3443,-0.0211,0.3904,-0.1262
01/30/2015,340.0,Call,NFLX  150130C00340000,22.700,21.90,23.50,0.20,0.8889,103,50,22.7000,0.5298,53.3028,0.5554,0.0075,-0.3385,-0.0220,0.3952,0.1426
01/30/2015,340.0,Put,NFLX  150130P00340000,19.575,19.05,20.10,-1.50,-7.1174,22,34,19.5750,0.533,53.3028,-0.4445,0.0074,-0.3403,-0.0219,0.3959,-0.1311
01/30/2015,342.5,Call,NFLX  150130C00342500,21.750,21.35,22.15,0.50,2.3529,63,201,21.7500,0.5364,53.0244,0.5369,0.0074,-0.3445,-0.0215,0.3973,0.1381
01/30/2015,342.5,Put,NFLX  150130P00342500,20.675,20.10,21.25,-1.05,-4.8331,2,6,20.6750,0.5286,53.0244,-0.4635,0.0075,-0.3395,-0.0222,0.3974,-0.1365
01/30/2015,345.0,Call,NFLX  150130C00345000,20.325,20.00,20.65,0.28,1.3716,424,342,20.3250,0.5298,52.7511,0.5179,0.0075,-0.3414,-0.0220,0.3987,0.1337
01/30/2015,345.0,Put,NFLX  150130P00345000,21.775,21.55,22.00,-1.30,-5.6338,901,453,21.7750,0.5224,52.7511,-0.4828,0.0077,-0.3364,-0.0228,0.3989,-0.1415
01/30/2015,347.5,Call,NFLX  150130C00347500,19.100,18.50,19.70,0.20,1.0582,83,2,19.1000,0.5271,52.4829,0.4989,0.0076,-0.3400,-0.0223,0.3991,0.1292
01/30/2015,347.5,Put,NFLX  150130P00347500,23.725,22.60,24.85,-0.62,-2.5667,0,5,23.7250,0.5368,52.4829,-0.5000,0.0075,-0.3461,-0.0216,0.4003,-0.1472
01/30/2015,350.0,Call,NFLX  150130C00350000,17.850,17.35,18.35,0.18,0.9901,136,26,17.8500,0.5226,52.2197,0.4796,0.0076,-0.3366,-0.0226,0.3985,0.1247
01/30/2015,350.0,Put,NFLX  150130P00350000,24.825,24.00,25.65,-0.75,-2.9326,0,13,24.8250,0.5285,52.2197,-0.5196,0.0076,-0.3403,-0.0222,0.3977,-0.1519
01/30/2015,352.5,Call,NFLX  150130C00352500,16.450,15.35,17.55,-0.35,-2.0833,90,3,16.4500,0.5132,51.9614,0.4592,0.0077,-0.3293,-0.0235,0.3970,0.1199
01/30/2015,352.5,Put,NFLX  150130P00352500,26.050,25.35,26.75,-1.28,-4.6661,0,8,26.0500,0.5223,51.9614,-0.5392,0.0076,-0.3350,-0.0228,0.3992,-0.1574
01/30/2015,355.0,Call,NFLX  150130C00355000,15.625,15.25,16.00,0.18,1.1327,6,9,15.6250,0.5171,51.7081,0.4414,0.0076,-0.3299,-0.0231,0.3947,0.1154
01/30/2015,355.0,Put,NFLX  150130P00355000,27.975,26.85,29.10,-0.75,-2.611,0,9,27.9750,0.5326,51.7081,-0.5553,0.0074,-0.3400,-0.0219,0.3927,-0.1618
01/30/2015,357.5,Call,NFLX  150130C00357500,14.325,13.25,15.40,-0.22,-1.5464,0,0,14.3250,0.5078,51.4597,0.4206,0.0077,-0.3209,-0.0240,0.3911,0.1104
01/30/2015,357.5,Put,NFLX  150130P00357500,29.025,28.35,29.70,-1.27,-4.2079,0,3,29.0250,0.5194,51.4597,-0.5764,0.0076,-0.3285,-0.0230,0.3941,-0.1673
01/30/2015,360.0,Call,NFLX  150130C00360000,13.625,12.80,14.45,0.07,0.5535,3,49,13.6250,0.5126,51.216,0.4037,0.0076,-0.3209,-0.0235,0.3874,0.1061
01/30/2015,360.0,Put,NFLX  150130P00360000,30.975,29.90,32.05,-0.45,-1.432,0,0,30.9750,0.5287,51.216,-0.5918,0.0074,-0.3317,-0.0222,0.3837,-0.1713
01/30/2015,362.5,Call,NFLX  150130C00362500,12.625,11.90,13.35,-0.20,-1.5595,0,4,12.6250,0.5086,50.9772,0.3846,0.0075,-0.3141,-0.0239,0.3822,0.1014
01/30/2015,362.5,Put,NFLX  150130P00362500,31.800,30.80,32.80,-1.45,-4.3609,0,1,31.8000,0.5069,50.9772,-0.6161,0.0076,-0.3125,-0.0242,0.3851,-0.1771
01/30/2015,365.0,Call,NFLX  150130C00365000,11.575,10.45,12.70,-0.45,-3.7422,2,33,11.5750,0.502,50.7431,0.3646,0.0075,-0.3048,-0.0245,0.3758,0.0965
01/30/2015,365.0,Put,NFLX  150130P00365000,33.975,32.70,35.25,-0.80,-2.3005,0,3,33.9750,0.5199,50.7431,-0.6293,0.0073,-0.3173,-0.0230,0.3748,-0.1805
01/30/2015,367.5,Call,NFLX  150130C00367500,10.725,9.60,11.85,-0.42,-3.8117,0,1,10.7250,0.4995,50.5137,0.3462,0.0074,-0.2978,-0.0248,0.3690,0.0918
01/30/2015,367.5,Put,NFLX  150130P00367500,35.300,34.40,36.20,-1.27,-3.486,0,36,35.3000,0.5085,50.5137,-0.6504,0.0073,-0.3037,-0.0241,0.3726,-0.1858
01/30/2015,370.0,Call,NFLX  150130C00370000,10.375,9.40,11.35,0.00,0,1,31,10.3750,0.5096,50.289,0.3334,0.0071,-0.2994,-0.0238,0.3637,0.0884
01/30/2015,370.0,Put,NFLX  150130P00370000,37.275,36.05,38.50,-0.97,-2.549,0,13,37.2750,0.5146,50.289,-0.6650,0.0071,-0.3028,-0.0235,0.3738,-0.1893
01/30/2015,372.5,Call,NFLX  150130C00372500,9.350,8.05,10.65,-0.30,-3.1088,4,2,9.3500,0.5,50.0688,0.3128,0.0071,-0.2862,-0.0247,0.3543,0.0833
01/30/2015,372.5,Put,NFLX  150130P00372500,39.275,38.20,40.35,-0.85,-2.1184,0,0,39.2750,0.5193,50.0688,-0.6790,0.0069,-0.3000,-0.0231,0.3567,-0.1931
01/30/2015,375.0,Call,NFLX  150130C00375000,8.800,7.90,9.70,-0.05,-0.565,18,28,8.8000,0.5026,49.8533,0.2980,0.0069,-0.2815,-0.0245,0.3467,0.0794
01/30/2015,375.0,Put,NFLX  150130P00375000,40.650,39.20,42.10,-1.05,-2.518,0,0,40.6500,0.5064,49.8533,-0.7008,0.0069,-0.2839,-0.0243,0.3578,-0.1968
02/06/2015,310.0,Call,NFLX  150206C00310000,42.800,41.15,44.45,0.35,0.8245,0,0,42.8000,0.532,53.3723,0.7518,0.0054,-0.2465,-0.0218,0.3506,0.2241
02/06/2015,310.0,Put,NFLX  150206P00310000,9.600,8.35,10.85,-0.75,-7.2464,0,0,9.6000,0.5344,53.3723,-0.2487,0.0054,-0.2474,-0.0217,0.3596,-0.0913
02/06/2015,312.5,Call,NFLX  150206C00312500,40.975,39.35,42.60,0.30,0.7376,0,0,40.9750,0.5289,53.0946,0.7376,0.0056,-0.2522,-0.0221,0.3609,0.2209
02/06/2015,312.5,Put,NFLX  150206P00312500,10.325,9.05,11.60,-0.80,-7.191,0,0,10.3250,0.5323,53.0946,-0.2632,0.0056,-0.2536,-0.0219,0.3610,-0.0969
02/06/2015,315.0,Call,NFLX  150206C00315000,39.175,37.50,40.85,0.17,0.4487,0,1,39.1750,0.5256,52.8197,0.7231,0.0058,-0.2575,-0.0223,0.3708,0.2176
02/06/2015,315.0,Put,NFLX  150206P00315000,11.000,9.75,12.25,-1.07,-8.9027,0,0,11.0000,0.5287,52.8197,-0.2777,0.0057,-0.2578,-0.0222,0.3713,-0.1107
02/06/2015,317.5,Call,NFLX  150206C00317500,37.325,35.75,38.90,0.20,0.5387,0,0,37.3250,0.52,52.5477,0.7087,0.0060,-0.2610,-0.0228,0.3799,0.2144
02/06/2015,317.5,Put,NFLX  150206P00317500,11.775,10.50,13.05,-1.10,-8.5437,0,0,11.7750,0.5257,52.5477,-0.2927,0.0059,-0.2638,-0.0225,0.3828,-0.1075
02/06/2015,320.0,Call,NFLX  150206C00320000,35.675,34.25,37.10,0.17,0.493,0,0,35.6750,0.5187,52.2785,0.6927,0.0061,-0.2667,-0.0229,0.3892,0.2104
02/06/2015,320.0,Put,NFLX  150206P00320000,12.575,11.30,13.85,-1.07,-7.8755,0,0,12.5750,0.5233,52.2785,-0.3082,0.0061,-0.2689,-0.0227,0.3843,-0.1132
02/06/2015,322.5,Call,NFLX  150206C00322500,33.800,32.60,35.00,-0.08,-0.2214,0,1,33.8000,0.5107,52.012,0.6778,0.0063,-0.2679,-0.0237,0.3972,0.2070
02/06/2015,322.5,Put,NFLX  150206P00322500,13.425,12.15,14.70,-1.18,-8.048,0,0,13.4250,0.5207,52.012,-0.3241,0.0063,-0.2733,-0.0229,0.4016,-0.1186
02/06/2015,325.0,Call,NFLX  150206C00325000,32.075,31.00,33.15,-0.08,-0.2333,12,1,32.0750,0.5056,51.7482,0.6618,0.0065,-0.2704,-0.0242,0.4050,0.2031
02/06/2015,325.0,Put,NFLX  150206P00325000,14.425,13.15,15.70,-0.68,-4.4702,1,0,14.4250,0.521,51.7482,-0.3409,0.0064,-0.2790,-0.0229,0.4032,-0.1250
02/06/2015,327.5,Call,NFLX  150206C00327500,30.575,29.40,31.75,0.10,0.3281,0,1,30.5750,0.5051,51.4871,0.6445,0.0067,-0.2751,-0.0242,0.4125,0.1985
02/06/2015,327.5,Put,NFLX  150206P00327500,15.300,13.95,16.65,-0.65,-4.0752,4,0,15.3000,0.5172,51.4871,-0.3572,0.0065,-0.2817,-0.0232,0.4172,-0.1304
02/06/2015,330.0,Call,NFLX  150206C00330000,29.025,27.85,30.20,-0.20,-0.6843,0,13,29.0250,0.5023,51.2286,0.6273,0.0068,-0.2779,-0.0245,0.4191,0.1939
02/06/2015,330.0,Put,NFLX  150206P00330000,16.125,14.95,17.30,-0.85,-5.0074,8,3,16.1250,0.511,51.2286,-0.3737,0.0067,-0.2825,-0.0238,0.4188,-0.1365
02/06/2015,332.5,Call,NFLX  150206C00332500,27.600,26.40,28.80,0.02,0.0907,0,1,27.6000,0.5014,50.9727,0.6096,0.0069,-0.2813,-0.0246,0.4250,0.1891
02/06/2015,332.5,Put,NFLX  150206P00332500,17.325,16.10,18.55,-0.72,-4.0166,0,0,17.3250,0.5134,50.9727,-0.3913,0.0068,-0.2879,-0.0236,0.4289,-0.1423
02/06/2015,335.0,Call,NFLX  150206C00335000,26.125,25.00,27.25,-0.08,-0.2863,0,1,26.1250,0.4983,50.7194,0.5919,0.0070,-0.2829,-0.0249,0.4300,0.1843
02/06/2015,335.0,Put,NFLX  150206P00335000,18.375,17.15,19.60,-0.58,-3.0343,10,1,18.3750,0.5103,50.7194,-0.4087,0.0069,-0.2892,-0.0239,0.4305,-0.1488
02/06/2015,337.5,Call,NFLX  150206C00337500,24.750,23.65,25.85,-0.08,-0.3021,0,2,24.7500,0.4966,50.4686,0.5739,0.0071,-0.2846,-0.0251,0.4342,0.1793
02/06/2015,337.5,Put,NFLX  150206P00337500,19.525,18.30,20.75,-0.80,-3.936,2,0,19.5250,0.5096,50.4686,-0.4263,0.0070,-0.2919,-0.0239,0.4325,-0.1548
02/06/2015,340.0,Call,NFLX  150206C00340000,23.375,22.30,24.45,0.30,1.3001,0,7,23.3750,0.4938,50.2203,0.5558,0.0072,-0.2851,-0.0253,0.4375,0.1743
02/06/2015,340.0,Put,NFLX  150206P00340000,20.575,19.35,21.80,-1.02,-4.7454,0,0,20.5750,0.5044,50.2203,-0.4441,0.0071,-0.2907,-0.0244,0.4382,-0.1610
02/06/2015,342.5,Call,NFLX  150206C00342500,22.500,21.85,23.15,0.55,2.5057,3,3,22.5000,0.5013,49.9745,0.5379,0.0072,-0.2909,-0.0246,0.4398,0.1688
02/06/2015,342.5,Put,NFLX  150206P00342500,21.850,20.70,23.00,-0.82,-3.6384,0,0,21.8500,0.5043,49.9745,-0.4620,0.0071,-0.2923,-0.0244,0.4398,-0.1674
02/06/2015,345.0,Call,NFLX  150206C00345000,21.225,20.90,21.55,0.52,2.5362,10,34,21.2250,0.4988,49.7311,0.5198,0.0072,-0.2904,-0.0248,0.4413,0.1637
02/06/2015,345.0,Put,NFLX  150206P00345000,22.825,22.00,23.65,-1.22,-5.0935,2,1,22.8250,0.4958,49.7311,-0.4805,0.0073,-0.2881,-0.0253,0.4415,-0.1731
02/06/2015,347.5,Call,NFLX  150206C00347500,19.925,19.15,20.70,0.38,1.9182,0,1,19.9250,0.4946,49.4901,0.5014,0.0073,-0.2883,-0.0253,0.4418,0.1584
02/06/2015,347.5,Put,NFLX  150206P00347500,24.475,23.20,25.75,-0.37,-1.509,0,0,24.4750,0.5019,49.4901,-0.4978,0.0072,-0.2921,-0.0247,0.4431,-0.1797
02/06/2015,350.0,Call,NFLX  150206C00350000,18.850,18.15,19.55,0.70,3.8567,0,1,18.8500,0.4946,49.2515,0.4835,0.0073,-0.2880,-0.0253,0.4414,0.1531
02/06/2015,350.0,Put,NFLX  150206P00350000,25.575,24.80,26.35,-0.75,-2.849,0,0,25.5750,0.4946,49.2515,-0.5166,0.0073,-0.2875,-0.0254,0.4403,-0.1852
02/06/2015,352.5,Call,NFLX  150206C00352500,17.550,16.70,18.40,0.38,2.1834,1,0,17.5500,0.4884,49.0152,0.4645,0.0073,-0.2835,-0.0259,0.4401,0.1477
02/06/2015,352.5,Put,NFLX  150206P00352500,27.200,25.85,28.55,-0.47,-1.7163,0,0,27.2000,0.4979,49.0152,-0.5337,0.0072,-0.2886,-0.0251,0.4418,-0.1916
02/06/2015,355.0,Call,NFLX  150206C00355000,16.675,16.15,17.20,0.50,3.0912,5,39,16.6750,0.4909,48.7812,0.4473,0.0073,-0.2836,-0.0257,0.4380,0.1425
02/06/2015,355.0,Put,NFLX  150206P00355000,28.575,27.30,29.85,-0.30,-1.039,0,0,28.5750,0.4951,48.7812,-0.5519,0.0072,-0.2857,-0.0254,0.4347,-0.1969
02/06/2015,357.5,Call,NFLX  150206C00357500,15.200,14.10,16.30,0.12,0.8292,0,0,15.2000,0.4787,48.5496,0.4265,0.0074,-0.2742,-0.0270,0.4343,0.1366
02/06/2015,357.5,Put,NFLX  150206P00357500,30.050,28.80,31.30,-0.58,-1.8776,0,0,30.0500,0.4929,48.5496,-0.5698,0.0072,-0.2821,-0.0256,0.4362,-0.2033
02/06/2015,360.0,Call,NFLX  150206C00360000,14.175,13.05,15.30,0.18,1.25,0,0,14.1750,0.4757,48.3202,0.4079,0.0074,-0.2698,-0.0273,0.4300,0.1310
02/06/2015,360.0,Put,NFLX  150206P00360000,31.600,30.35,32.85,-0.50,-1.5576,0,1,31.6000,0.4924,48.3202,-0.5872,0.0072,-0.2797,-0.0257,0.4377,-0.2084
02/06/2015,362.5,Call,NFLX  150206C00362500,13.275,12.05,14.50,-0.10,-0.7477,0,0,13.2750,0.4746,48.093,0.3902,0.0073,-0.2660,-0.0275,0.4250,0.1256
02/06/2015,362.5,Put,NFLX  150206P00362500,33.150,31.95,34.35,-0.25,-0.7485,0,0,33.1500,0.4897,48.093,-0.6048,0.0071,-0.2748,-0.0260,0.4262,-0.2143
02/06/2015,365.0,Call,NFLX  150206C00365000,12.350,11.15,13.55,0.10,0.8163,4,0,12.3500,0.4719,47.868,0.3720,0.0072,-0.2606,-0.0278,0.4189,0.1201
02/06/2015,365.0,Put,NFLX  150206P00365000,34.750,33.60,35.90,-0.55,-1.5581,0,0,34.7500,0.4882,47.868,-0.6222,0.0071,-0.2705,-0.0261,0.4277,-0.2196
02/06/2015,367.5,Call,NFLX  150206C00367500,11.450,10.25,12.65,0.12,1.1038,0,1,11.4500,0.4687,47.6453,0.3539,0.0072,-0.2545,-0.0281,0.4118,0.1145
02/06/2015,367.5,Put,NFLX  150206P00367500,36.425,35.30,37.55,-0.60,-1.6205,0,0,36.4250,0.4868,47.6453,-0.6390,0.0070,-0.2655,-0.0263,0.4124,-0.2246
02/06/2015,370.0,Call,NFLX  150206C00370000,10.550,9.45,11.65,-0.48,-4.3084,4,0,10.5500,0.4645,47.4247,0.3354,0.0071,-0.2472,-0.0287,0.4037,0.1089
02/06/2015,370.0,Put,NFLX  150206P00370000,38.100,37.00,39.20,-0.78,-1.9936,0,0,38.1000,0.4849,47.4247,-0.6559,0.0069,-0.2599,-0.0265,0.4138,-0.2299
02/06/2015,372.5,Call,NFLX  150206C00372500,10.125,8.75,11.50,-0.05,-0.4914,0,0,10.1250,0.4711,47.2062,0.3224,0.0069,-0.2468,-0.0279,0.3973,0.1046
02/06/2015,372.5,Put,NFLX  150206P00372500,39.450,38.00,40.90,-1.20,-2.952,0,0,39.4500,0.4737,47.2062,-0.6767,0.0069,-0.2476,-0.0278,0.3949,-0.2346
02/06/2015,375.0,Call,NFLX  150206C00375000,9.600,9.30,9.90,0.25,2.6738,0,31,9.6000,0.4745,46.9898,0.3084,0.0067,-0.2439,-0.0275,0.3898,0.1002
02/06/2015,375.0,Put,NFLX  150206P00375000,41.325,40.05,42.60,-1.08,-2.5354,0,0,41.3250,0.4747,46.9898,-0.6919,0.0067,-0.2431,-0.0277,0.3962,-0.2393
02/20/2015,310.0,Call,NFLX  150220C00310000,43.825,42.55,45.10,0.52,1.2125,0,39,43.8250,0.479,48.2081,0.7438,0.0052,-0.1932,-0.0268,0.4170,0.3013
02/20/2015,310.0,Put,NFLX  150220P00310000,10.400,10.25,10.55,-0.83,-7.3497,133,267,10.4000,0.4761,48.2081,-0.2551,0.0052,-0.1907,-0.0274,0.4203,-0.1285
02/20/2015,315.0,Call,NFLX  150220C00315000,40.225,39.00,41.45,0.35,0.8777,2,53,40.2250,0.4729,47.6258,0.7163,0.0055,-0.2007,-0.0276,0.4389,0.2929
02/20/2015,315.0,Put,NFLX  150220P00315000,11.900,11.70,12.10,-0.83,-6.4833,1,144,11.9000,0.4725,47.6258,-0.2835,0.0056,-0.1995,-0.0278,0.4457,-0.1424
02/20/2015,320.0,Call,NFLX  150220C00320000,37.200,36.70,37.70,0.70,1.9178,10,52,37.2000,0.4763,47.0696,0.6849,0.0058,-0.2119,-0.0272,0.4603,0.2819
02/20/2015,320.0,Put,NFLX  150220P00320000,13.450,13.30,13.60,-0.92,-6.4348,36,700,13.4500,0.4669,47.0696,-0.3128,0.0059,-0.2064,-0.0285,0.4676,-0.1565
02/20/2015,325.0,Call,NFLX  150220C00325000,33.975,33.45,34.50,0.62,1.8741,0,90,33.9750,0.4717,46.5389,0.6544,0.0060,-0.2177,-0.0277,0.4776,0.2716
02/20/2015,325.0,Put,NFLX  150220P00325000,15.200,15.05,15.35,-0.97,-6.0278,101,259,15.2000,0.4621,46.5389,-0.3438,0.0062,-0.2121,-0.0291,0.4714,-0.1723
02/20/2015,330.0,Call,NFLX  150220C00330000,30.725,30.40,31.05,0.45,1.4864,26,100,30.7250,0.4636,46.0333,0.6232,0.0063,-0.2203,-0.0287,0.4920,0.2609
02/20/2015,330.0,Put,NFLX  150220P00330000,17.100,16.90,17.30,-1.03,-5.6552,46,184,17.1000,0.457,46.0333,-0.3761,0.0064,-0.2162,-0.0298,0.4897,-0.1879
02/20/2015,335.0,Call,NFLX  150220C00335000,27.800,27.55,28.05,0.22,0.816,28,96,27.8000,0.4589,45.5523,0.5903,0.0065,-0.2232,-0.0293,0.5035,0.2491
02/20/2015,335.0,Put,NFLX  150220P00335000,19.125,18.90,19.35,-1.12,-5.5556,61,125,19.1250,0.4514,45.5523,-0.4093,0.0067,-0.2185,-0.0305,0.5034,-0.2036
02/20/2015,340.0,Call,NFLX  150220C00340000,25.075,24.90,25.25,0.30,1.2109,104,205,25.0750,0.455,45.0955,0.5567,0.0067,-0.2248,-0.0298,0.5116,0.2365
02/20/2015,340.0,Put,NFLX  150220P00340000,21.400,21.20,21.60,-1.20,-5.3097,378,1261,21.4000,0.4476,45.0955,-0.4435,0.0068,-0.2201,-0.0311,0.5124,-0.2196
02/20/2015,345.0,Call,NFLX  150220C00345000,22.500,22.30,22.70,0.20,0.8969,124,141,22.5000,0.4508,44.6623,0.5225,0.0068,-0.2245,-0.0304,0.5160,0.2235
02/20/2015,345.0,Put,NFLX  150220P00345000,23.900,23.70,24.10,-1.05,-4.2084,322,226,23.9000,0.445,44.6623,-0.4781,0.0069,-0.2207,-0.0314,0.5162,-0.2356
02/20/2015,350.0,Call,NFLX  150220C00350000,20.025,19.80,20.25,0.10,0.5019,42,508,20.0250,0.4452,44.2525,0.4878,0.0069,-0.2220,-0.0311,0.5166,0.2100
02/20/2015,350.0,Put,NFLX  150220P00350000,26.500,26.25,26.75,-1.15,-4.1591,59,1160,26.5000,0.4411,44.2525,-0.5131,0.0070,-0.2190,-0.0320,0.5149,-0.2512
02/20/2015,355.0,Call,NFLX  150220C00355000,17.850,17.65,18.05,0.12,0.7052,18,129,17.8500,0.4423,43.8655,0.4535,0.0069,-0.2191,-0.0316,0.5133,0.1963
02/20/2015,355.0,Put,NFLX  150220P00355000,29.275,29.05,29.50,-1.30,-4.2518,3,274,29.2750,0.4374,43.8655,-0.5480,0.0070,-0.2157,-0.0326,0.5090,-0.2664
02/20/2015,360.0,Call,NFLX  150220C00360000,15.825,15.65,16.00,0.07,0.4762,13,243,15.8250,0.4391,43.5009,0.4195,0.0069,-0.2145,-0.0320,0.5063,0.1826
02/20/2015,360.0,Put,NFLX  150220P00360000,32.250,32.00,32.50,-1.10,-3.2983,24,119,32.2500,0.434,43.5009,-0.5825,0.0070,-0.2108,-0.0331,0.5120,-0.2822
02/20/2015,365.0,Call,NFLX  150220C00365000,13.950,13.75,14.15,0.03,0.1795,9,124,13.9500,0.4356,43.1583,0.3859,0.0068,-0.2082,-0.0326,0.4955,0.1688
02/20/2015,365.0,Put,NFLX  150220P00365000,35.400,35.15,35.65,-1.20,-3.2787,26,106,35.4000,0.4308,43.1583,-0.6164,0.0069,-0.2045,-0.0336,0.5003,-0.2964
02/20/2015,370.0,Call,NFLX  150220C00370000,12.300,12.10,12.50,0.12,1.0267,119,229,12.3000,0.4335,42.8373,0.3537,0.0066,-0.2014,-0.0329,0.4817,0.1554
02/20/2015,370.0,Put,NFLX  150220P00370000,38.600,38.30,38.90,-1.28,-3.1975,1,57,38.6000,0.4254,42.8373,-0.6505,0.0067,-0.1956,-0.0345,0.4841,-0.3098
02/20/2015,375.0,Call,NFLX  150220C00375000,10.750,10.55,10.95,0.10,0.939,11,170,10.7500,0.4304,42.5373,0.3221,0.0064,-0.1928,-0.0334,0.4645,0.1422
02/20/2015,375.0,Put,NFLX  150220P00375000,41.950,41.60,42.30,-1.55,-3.5632,1,61,41.9500,0.4198,42.5373,-0.6839,0.0066,-0.1854,-0.0355,0.4635,-0.3218
03/20/2015,310.0,Call,NFLX  150320C00310000,45.900,44.80,47.00,0.30,0.6579,0,42,45.9000,0.4249,42.8942,0.7305,0.0048,-0.1424,-0.0340,0.5307,0.4487
03/20/2015,310.0,Put,NFLX  150320P00310000,12.500,12.35,12.65,-0.73,-5.482,56,681,12.5000,0.4247,42.8942,-0.2693,0.0049,-0.1409,-0.0345,0.5255,-0.2099
03/20/2015,315.0,Call,NFLX  150320C00315000,43.050,42.50,43.60,0.77,1.8332,1,78,43.0500,0.4317,42.4013,0.7014,0.0050,-0.1518,-0.0330,0.5574,0.4331
03/20/2015,315.0,Put,NFLX  150320P00315000,14.025,13.85,14.20,-0.83,-5.5556,0,117,14.0250,0.4199,42.4013,-0.2954,0.0051,-0.1455,-0.0353,0.5519,-0.2297
03/20/2015,320.0,Call,NFLX  150320C00320000,39.725,39.15,40.30,0.72,1.859,0,80,39.7250,0.4272,41.9286,0.6748,0.0052,-0.1558,-0.0337,0.5783,0.4203
03/20/2015,320.0,Put,NFLX  150320P00320000,15.675,15.50,15.85,-0.87,-5.287,7,270,15.6750,0.4154,41.9286,-0.3226,0.0054,-0.1495,-0.0361,0.5791,-0.2500
03/20/2015,325.0,Call,NFLX  150320C00325000,36.550,36.15,36.95,0.65,1.8106,4,85,36.5500,0.423,41.4757,0.6471,0.0055,-0.1591,-0.0344,0.5968,0.4065
03/20/2015,325.0,Put,NFLX  150320P00325000,17.475,17.25,17.70,-0.98,-5.2846,32,406,17.4750,0.4113,41.4757,-0.3510,0.0056,-0.1530,-0.0368,0.6017,-0.2707
03/20/2015,330.0,Call,NFLX  150320C00330000,33.375,33.05,33.70,0.53,1.5982,5,201,33.3750,0.4165,41.0423,0.6186,0.0057,-0.1607,-0.0355,0.6123,0.3920
03/20/2015,330.0,Put,NFLX  150320P00330000,19.525,19.30,19.75,-0.95,-4.6398,27,445,19.5250,0.4091,41.0423,-0.3807,0.0058,-0.1564,-0.0373,0.6067,-0.2933
03/20/2015,335.0,Call,NFLX  150320C00335000,30.500,30.15,30.85,0.38,1.2448,2,115,30.5000,0.4126,40.6278,0.5890,0.0059,-0.1624,-0.0361,0.6249,0.3761
03/20/2015,335.0,Put,NFLX  150320P00335000,21.600,21.30,21.90,-1.03,-4.5304,12,146,21.6000,0.4043,40.6278,-0.4108,0.0060,-0.1576,-0.0382,0.6236,-0.3156
03/20/2015,340.0,Call,NFLX  150320C00340000,27.725,27.40,28.05,0.40,1.4639,9,162,27.7250,0.4081,40.2321,0.5588,0.0060,-0.1629,-0.0370,0.6339,0.3594
03/20/2015,340.0,Put,NFLX  150320P00340000,23.900,23.70,24.10,-1.02,-4.1123,81,242,23.9000,0.4009,40.2321,-0.4417,0.0062,-0.1585,-0.0388,0.6347,-0.3377
03/20/2015,345.0,Call,NFLX  150320C00345000,25.250,25.00,25.50,0.42,1.712,17,256,25.2500,0.4059,39.8547,0.5282,0.0061,-0.1633,-0.0374,0.6393,0.3418
03/20/2015,345.0,Put,NFLX  150320P00345000,26.325,26.10,26.55,-1.00,-3.6597,61,689,26.3250,0.3974,39.8547,-0.4730,0.0063,-0.1584,-0.0396,0.6396,-0.3595
03/20/2015,350.0,Call,NFLX  150320C00350000,22.750,22.40,23.10,0.25,1.1111,41,349,22.7500,0.401,39.4952,0.4971,0.0062,-0.1617,-0.0383,0.6409,0.3239
03/20/2015,350.0,Put,NFLX  150320P00350000,28.875,28.55,29.20,-1.10,-3.6697,0,1045,28.8750,0.3936,39.4952,-0.5047,0.0063,-0.1573,-0.0403,0.6379,-0.3807
03/20/2015,355.0,Call,NFLX  150320C00355000,20.500,20.20,20.80,0.20,0.9852,7,125,20.5000,0.3977,39.1533,0.4661,0.0062,-0.1597,-0.0389,0.6386,0.3055
03/20/2015,355.0,Put,NFLX  150320P00355000,31.650,31.40,31.90,-1.15,-3.5061,31,225,31.6500,0.3905,39.1533,-0.5362,0.0064,-0.1552,-0.0410,0.6426,-0.4035
03/20/2015,360.0,Call,NFLX  150320C00360000,18.400,18.10,18.70,0.25,1.3774,26,290,18.4000,0.3944,38.8286,0.4352,0.0062,-0.1569,-0.0396,0.6324,0.2869
03/20/2015,360.0,Put,NFLX  150320P00360000,34.525,34.20,34.85,-1.20,-3.359,28,287,34.5250,0.3866,38.8286,-0.5679,0.0064,-0.1519,-0.0419,0.6345,-0.4244
03/20/2015,365.0,Call,NFLX  150320C00365000,16.425,16.10,16.75,0.17,1.0769,7,135,16.4250,0.3908,38.5209,0.4045,0.0062,-0.1529,-0.0404,0.6224,0.2681
03/20/2015,365.0,Put,NFLX  150320P00365000,37.600,37.30,37.90,-1.25,-3.2175,24,77,37.6000,0.3837,38.5209,-0.5989,0.0063,-0.1481,-0.0425,0.6200,-0.4439
03/20/2015,370.0,Call,NFLX  150320C00370000,14.775,14.55,15.00,0.30,2.0725,8,120,14.7750,0.3901,38.2297,0.3756,0.0061,-0.1495,-0.0405,0.6095,0.2500
03/20/2015,370.0,Put,NFLX  150320P00370000,40.825,40.45,41.20,-1.25,-2.9709,0,164,40.8250,0.381,38.2297,-0.6294,0.0062,-0.1437,-0.0432,0.6000,-0.4618
03/20/2015,375.0,Call,NFLX  150320C00375000,13.025,12.70,13.35,0.10,0.7737,55,347,13.0250,0.3856,37.9548,0.3456,0.0060,-0.1435,-0.0415,0.5922,0.2313
03/20/2015,375.0,Put,NFLX  150320P00375000,44.325,43.90,44.75,-1.45,-3.1677,0,294,44.3250,0.3807,37.9548,-0.6579,0.0060,-0.1395,-0.0433,0.6038,-0.4791
06/19/2015,310.0,Call,NFLX  150619C00310000,56.075,55.65,56.50,0.88,1.5852,0,28,56.0750,0.4144,41.0668,0.6938,0.0036,-0.1016,-0.0355,0.8242,0.8527
06/19/2015,310.0,Put,NFLX  150619P00310000,21.900,21.55,22.25,-0.62,-2.7747,0,190,21.9000,0.4085,41.0668,-0.3052,0.0037,-0.0976,-0.0376,0.8279,-0.5268
06/19/2015,315.0,Call,NFLX  150619C00315000,52.925,52.45,53.40,0.88,1.6811,0,42,52.9250,0.4112,40.7463,0.6742,0.0037,-0.1035,-0.0360,0.8463,0.8360
06/19/2015,315.0,Put,NFLX  150619P00315000,23.700,23.25,24.15,-0.70,-2.8688,0,277,23.7000,0.4053,40.7463,-0.3251,0.0038,-0.0995,-0.0382,0.8356,-0.5600
06/19/2015,320.0,Call,NFLX  150619C00320000,49.900,49.40,50.40,0.80,1.6293,0,42,49.9000,0.4084,40.436,0.6541,0.0038,-0.1051,-0.0366,0.8663,0.8178
06/19/2015,320.0,Put,NFLX  150619P00320000,25.725,25.30,26.15,-0.68,-2.5568,1,100,25.7250,0.4028,40.436,-0.3456,0.0039,-0.1011,-0.0387,0.8677,-0.5944
06/19/2015,325.0,Call,NFLX  150619C00325000,47.075,46.50,47.65,0.73,1.5642,0,117,47.0750,0.4066,40.1355,0.6335,0.0039,-0.1068,-0.0369,0.8841,0.7980
06/19/2015,325.0,Put,NFLX  150619P00325000,27.775,27.30,28.25,-0.83,-2.8846,1,113,27.7750,0.4003,40.1355,-0.3664,0.0040,-0.1027,-0.0392,0.8924,-0.6267
06/19/2015,330.0,Call,NFLX  150619C00330000,44.100,43.65,44.55,0.52,1.2048,5,70,44.1000,0.4021,39.8446,0.6127,0.0041,-0.1074,-0.0378,0.8995,0.7785
06/19/2015,330.0,Put,NFLX  150619P00330000,29.950,29.55,30.35,-0.75,-2.443,0,126,29.9500,0.3972,39.8446,-0.3876,0.0041,-0.1035,-0.0399,0.8997,-0.6636
06/19/2015,335.0,Call,NFLX  150619C00335000,41.400,40.85,41.95,0.68,1.6575,10,81,41.4000,0.3995,39.5631,0.5915,0.0041,-0.1082,-0.0383,0.9123,0.7571
06/19/2015,335.0,Put,NFLX  150619P00335000,32.225,31.80,32.65,-0.80,-2.4224,0,184,32.2250,0.3947,39.5631,-0.4091,0.0042,-0.1043,-0.0404,0.9160,-0.6964
06/19/2015,340.0,Call,NFLX  150619C00340000,38.875,38.30,39.45,0.55,1.4351,0,170,38.8750,0.3977,39.2906,0.5702,0.0042,-0.1088,-0.0386,0.9226,0.7346
06/19/2015,340.0,Put,NFLX  150619P00340000,34.625,34.20,35.05,-0.90,-2.5334,5,151,34.6250,0.3919,39.2906,-0.4308,0.0043,-0.1046,-0.0410,0.9232,-0.7334
06/19/2015,345.0,Call,NFLX  150619C00345000,36.350,35.80,36.90,0.52,1.4655,3,216,36.3500,0.3948,39.027,0.5486,0.0043,-0.1089,-0.0392,0.9302,0.7117
06/19/2015,345.0,Put,NFLX  150619P00345000,36.975,36.35,37.60,-1.18,-3.08,0,60,36.9750,0.3879,39.027,-0.4529,0.0044,-0.1044,-0.0419,0.9304,-0.7660
06/19/2015,350.0,Call,NFLX  150619C00350000,34.050,33.65,34.45,0.60,1.7937,0,140,34.0500,0.3932,38.7721,0.5271,0.0043,-0.1089,-0.0396,0.9349,0.6880
06/19/2015,350.0,Put,NFLX  150619P00350000,39.675,39.15,40.20,-1.07,-2.638,0,284,39.6750,0.3863,38.7721,-0.4749,0.0044,-0.1044,-0.0423,0.9374,-0.8022
06/19/2015,355.0,Call,NFLX  150619C00355000,31.750,31.10,32.40,0.62,2.008,0,265,31.7500,0.3905,38.5255,0.5054,0.0043,-0.1084,-0.0401,0.9370,0.6638
06/19/2015,355.0,Put,NFLX  150619P00355000,42.200,41.85,42.55,-1.23,-2.821,0,69,42.2000,0.3818,38.5255,-0.4975,0.0045,-0.1033,-0.0434,0.9351,-0.8346
06/19/2015,360.0,Call,NFLX  150619C00360000,29.325,28.90,29.75,0.38,1.2953,0,179,29.3250,0.3854,38.2872,0.4829,0.0044,-0.1068,-0.0412,0.9363,0.6390
06/19/2015,360.0,Put,NFLX  150619P00360000,45.200,44.70,45.70,-1.20,-2.5862,12,85,45.2000,0.3814,38.2872,-0.5191,0.0045,-0.1030,-0.0435,0.9418,-0.8689
06/19/2015,365.0,Call,NFLX  150619C00365000,27.300,26.85,27.75,0.42,1.5814,1,55,27.3000,0.3834,38.0568,0.4614,0.0044,-0.1059,-0.0416,0.9327,0.6139
06/19/2015,365.0,Put,NFLX  150619P00365000,48.100,47.50,48.70,-1.30,-2.6316,10,61,48.1000,0.3785,38.0568,-0.5412,0.0045,-0.1016,-0.0442,0.9301,-0.9006
06/19/2015,370.0,Call,NFLX  150619C00370000,25.350,24.95,25.75,0.38,1.5015,1,66,25.3500,0.3812,37.8342,0.4400,0.0044,-0.1045,-0.0421,0.9265,0.5886
06/19/2015,370.0,Put,NFLX  150619P00370000,51.150,50.55,51.75,-1.15,-2.1988,0,81,51.1500,0.3766,37.8342,-0.5630,0.0045,-0.1004,-0.0447,0.9364,-0.9318
06/19/2015,375.0,Call,NFLX  150619C00375000,23.675,23.10,24.25,0.52,2.2678,1,58,23.6750,0.381,37.6192,0.4196,0.0044,-0.1035,-0.0422,0.9180,0.5637
06/19/2015,375.0,Put,NFLX  150619P00375000,54.325,53.80,54.85,-1.15,-2.073,0,160,54.3250,0.3745,37.6192,-0.5844,0.0045,-0.0986,-0.0453,0.9152,-0.9619
07/17/2015,310.0,Call,NFLX  150717C00310000,58.225,56.60,59.85,0.40,0.6917,0,2,58.2250,0.4073,40.5749,0.6901,0.0034,-0.0934,-0.0366,0.8939,0.9737
07/17/2015,310.0,Put,NFLX  150717P00310000,24.300,22.75,25.85,-1.12,-4.4248,10,34,24.3000,0.4062,40.5749,-0.3100,0.0034,-0.0903,-0.0381,0.8914,-0.6289
07/17/2015,315.0,Call,NFLX  150717C00315000,54.650,53.45,55.85,-0.20,-0.3646,0,22,54.6500,0.3991,40.3048,0.6721,0.0036,-0.0937,-0.0381,0.9153,0.9596
07/17/2015,315.0,Put,NFLX  150717P00315000,26.175,24.70,27.65,-1.05,-3.8568,0,79,26.1750,0.4033,40.3048,-0.3287,0.0036,-0.0919,-0.0387,0.9265,-0.6636
07/17/2015,320.0,Call,NFLX  150717C00320000,51.700,50.50,52.90,-0.25,-0.4812,0,37,51.7000,0.3969,40.0429,0.6528,0.0037,-0.0952,-0.0386,0.9358,0.9396
07/17/2015,320.0,Put,NFLX  150717P00320000,28.250,26.70,29.80,-0.80,-2.7539,0,31,28.2500,0.4011,40.0429,-0.3479,0.0037,-0.0933,-0.0392,0.9343,-0.7033
07/17/2015,325.0,Call,NFLX  150717C00325000,49.425,48.80,50.05,0.42,0.8673,0,43,49.4250,0.4007,39.7891,0.6329,0.0037,-0.0979,-0.0379,0.9543,0.9147
07/17/2015,325.0,Put,NFLX  150717P00325000,30.525,29.25,31.80,-1.10,-3.4783,0,47,30.5250,0.4004,39.7891,-0.3675,0.0037,-0.0950,-0.0393,0.9609,-0.7400
07/17/2015,330.0,Call,NFLX  150717C00330000,46.600,45.90,47.30,0.25,0.5394,0,25,46.6000,0.3977,39.5431,0.6133,0.0038,-0.0987,-0.0385,0.9699,0.8934
07/17/2015,330.0,Put,NFLX  150717P00330000,32.750,31.45,34.05,-1.17,-3.4635,0,84,32.7500,0.3977,39.5431,-0.3872,0.0038,-0.0958,-0.0399,0.9687,-0.7798
07/17/2015,335.0,Call,NFLX  150717C00335000,44.025,43.40,44.65,0.35,0.8014,0,7,44.0250,0.3962,39.3047,0.5935,0.0039,-0.0996,-0.0388,0.9831,0.8704
07/17/2015,335.0,Put,NFLX  150717P00335000,35.100,33.80,36.40,-1.00,-2.7701,0,60,35.1000,0.3957,39.3047,-0.4071,0.0039,-0.0965,-0.0403,0.9863,-0.8159
07/17/2015,340.0,Call,NFLX  150717C00340000,41.500,40.90,42.10,0.30,0.7282,2,303,41.5000,0.3943,39.0737,0.5735,0.0039,-0.1001,-0.0392,0.9937,0.8468
07/17/2015,340.0,Put,NFLX  150717P00340000,37.550,36.30,38.80,-0.78,-2.0222,11,82,37.5500,0.3935,39.0737,-0.4271,0.0040,-0.0969,-0.0408,0.9941,-0.8559
07/17/2015,345.0,Call,NFLX  150717C00345000,38.900,38.15,39.65,0.12,0.3224,0,19,38.9000,0.3906,38.8499,0.5532,0.0040,-0.1000,-0.0399,1.0019,0.8230
07/17/2015,345.0,Put,NFLX  150717P00345000,40.200,38.70,41.70,-0.75,-1.8315,0,49,40.2000,0.3925,38.8499,-0.4472,0.0040,-0.0974,-0.0411,1.0017,-0.8918
07/17/2015,350.0,Call,NFLX  150717C00350000,36.275,35.85,36.70,0.18,0.4848,0,58,36.2750,0.3858,38.633,0.5324,0.0041,-0.0993,-0.0410,1.0076,0.7984
07/17/2015,350.0,Put,NFLX  150717P00350000,42.800,41.55,44.05,-0.73,-1.6657,2,368,42.8000,0.3899,38.633,-0.4674,0.0041,-0.0972,-0.0417,1.0094,-0.9310
07/17/2015,355.0,Call,NFLX  150717C00355000,34.300,33.75,34.85,0.45,1.3294,0,27,34.3000,0.3865,38.4229,0.5128,0.0041,-0.0997,-0.0408,1.0104,0.7724
07/17/2015,355.0,Put,NFLX  150717P00355000,45.400,44.10,46.70,-0.57,-1.2507,0,255,45.4000,0.3865,38.4229,-0.4880,0.0041,-0.0966,-0.0425,1.0069,-0.9653
07/17/2015,360.0,Call,NFLX  150717C00360000,32.125,31.65,32.60,0.18,0.5477,0,22,32.1250,0.3843,38.2194,0.4925,0.0041,-0.0991,-0.0413,1.0108,0.7463
07/17/2015,360.0,Put,NFLX  150717P00360000,48.375,47.10,49.65,-0.83,-1.6768,0,56,48.3750,0.3857,38.2194,-0.5079,0.0041,-0.0963,-0.0427,1.0142,-1.0037
07/17/2015,365.0,Call,NFLX  150717C00365000,30.150,29.65,30.65,0.62,2.1168,0,24,30.1500,0.3831,38.0224,0.4727,0.0041,-0.0985,-0.0416,1.0086,0.7200
07/17/2015,365.0,Put,NFLX  150717P00365000,51.000,50.05,51.95,-1.30,-2.4857,0,47,51.0000,0.3807,38.0224,-0.5291,0.0042,-0.0947,-0.0439,1.0017,-1.0365
07/17/2015,370.0,Call,NFLX  150717C00370000,28.275,27.60,28.95,0.30,1.0724,0,17,28.2750,0.382,37.8316,0.4531,0.0041,-0.0977,-0.0419,1.0040,0.6937
07/17/2015,370.0,Put,NFLX  150717P00370000,54.200,53.05,55.35,-0.93,-1.678,1,181,54.2000,0.3803,37.8316,-0.5486,0.0041,-0.0940,-0.0440,1.0086,-1.0730
07/17/2015,375.0,Call,NFLX  150717C00375000,26.400,25.75,27.05,0.37,1.4409,0,24,26.4000,0.38,37.6469,0.4334,0.0041,-0.0965,-0.0423,0.9968,0.6670
07/17/2015,375.0,Put,NFLX  150717P00375000,57.250,55.90,58.60,-0.90,-1.5477,0,89,57.2500,0.3778,37.6469,-0.5688,0.0041,-0.0926,-0.0447,0.9858,-1.1034
01/15/2016,310.0,Call,NFLX  160115C00310000,70.025,68.30,71.75,0.53,0.7554,0,33,70.0250,0.3828,38.4212,0.6818,0.0027,-0.0657,-0.0404,1.2510,1.7119
01/15/2016,310.0,Put,NFLX  160115P00310000,35.400,33.75,37.05,-0.80,-2.2099,0,214,35.4000,0.3868,38.4212,-0.3196,0.0027,-0.0616,-0.0431,1.2560,-1.2856
01/15/2016,315.0,Call,NFLX  160115C00315000,67.200,65.45,68.95,0.27,0.4109,0,1,67.2000,0.3811,38.2117,0.6672,0.0027,-0.0665,-0.0409,1.2743,1.6889
01/15/2016,315.0,Put,NFLX  160115P00315000,37.550,35.90,39.20,-0.88,-2.2772,0,5,37.5500,0.3852,38.2117,-0.3342,0.0027,-0.0625,-0.0435,1.2675,-1.3423
01/15/2016,320.0,Call,NFLX  160115C00320000,64.500,62.75,66.25,0.35,0.5456,0,101,64.5000,0.3798,38.0081,0.6524,0.0028,-0.0674,-0.0412,1.2957,1.6640
01/15/2016,320.0,Put,NFLX  160115P00320000,39.800,38.15,41.45,-0.85,-2.091,0,282,39.8000,0.3835,38.0081,-0.3489,0.0028,-0.0631,-0.0440,1.3036,-1.3968
01/15/2016,325.0,Call,NFLX  160115C00325000,61.775,60.05,63.50,0.23,0.3656,0,5,61.7750,0.3777,37.8103,0.6374,0.0028,-0.0679,-0.0417,1.3151,1.6389
01/15/2016,325.0,Put,NFLX  160115P00325000,42.250,40.50,44.00,-0.58,-1.3427,0,19,42.2500,0.3828,37.8103,-0.3638,0.0028,-0.0638,-0.0442,1.3148,-1.4570
01/15/2016,330.0,Call,NFLX  160115C00330000,59.175,57.40,60.95,0.28,0.4669,0,71,59.1750,0.376,37.618,0.6224,0.0029,-0.0684,-0.0421,1.3327,1.6121
01/15/2016,330.0,Put,NFLX  160115P00330000,44.500,42.90,46.10,-1.07,-2.3587,5,1142,44.5000,0.3805,37.618,-0.3789,0.0029,-0.0643,-0.0448,1.3373,-1.5078
01/15/2016,335.0,Call,NFLX  160115C00335000,56.700,54.90,58.50,0.20,0.354,0,21,56.7000,0.3747,37.4312,0.6072,0.0029,-0.0689,-0.0424,1.3481,1.5838
01/15/2016,335.0,Put,NFLX  160115P00335000,46.950,45.35,48.55,-0.60,-1.2618,0,10,46.9500,0.3784,37.4312,-0.3940,0.0029,-0.0645,-0.0454,1.3503,-1.5679
01/15/2016,340.0,Call,NFLX  160115C00340000,54.225,52.45,56.00,0.15,0.2774,0,134,54.2250,0.3729,37.2496,0.5920,0.0030,-0.0692,-0.0429,1.3616,1.5550
01/15/2016,340.0,Put,NFLX  160115P00340000,49.800,48.25,51.35,-0.45,-0.8955,0,246,49.8000,0.3791,37.2496,-0.4088,0.0030,-0.0652,-0.0453,1.3610,-1.6266
01/15/2016,345.0,Call,NFLX  160115C00345000,51.900,50.05,53.75,0.20,0.3868,0,22,51.9000,0.3717,37.0731,0.5768,0.0030,-0.0695,-0.0432,1.3730,1.5249
01/15/2016,345.0,Put,NFLX  160115P00345000,52.125,50.55,53.70,-0.62,-1.1848,0,67,52.1250,0.3755,37.0731,-0.4244,0.0030,-0.0650,-0.0463,1.3722,-1.6768
01/15/2016,350.0,Call,NFLX  160115C00350000,49.650,49.30,50.00,-0.25,-0.501,1,238,49.6500,0.3704,36.9016,0.5616,0.0030,-0.0697,-0.0435,1.3822,1.4940
01/15/2016,350.0,Put,NFLX  160115P00350000,54.800,53.25,56.35,-0.45,-0.8145,12,361,54.8000,0.3737,36.9016,-0.4396,0.0030,-0.0650,-0.0468,1.3829,-1.7352
01/15/2016,355.0,Call,NFLX  160115C00355000,47.350,45.50,49.20,0.30,0.6376,0,38,47.3500,0.3683,36.7348,0.5462,0.0031,-0.0696,-0.0441,1.3896,1.4628
01/15/2016,355.0,Put,NFLX  160115P00355000,57.725,56.05,59.40,0.03,0.0433,0,39,57.7250,0.3736,36.7348,-0.4545,0.0031,-0.0653,-0.0469,1.3933,-1.7890
01/15/2016,360.0,Call,NFLX  160115C00360000,44.775,43.55,46.00,-0.10,-0.2228,10,155,44.7750,0.3638,36.5727,0.5300,0.0031,-0.0690,-0.0452,1.3950,1.4315
01/15/2016,360.0,Put,NFLX  160115P00360000,60.475,58.90,62.05,-0.23,-0.3707,0,242,60.4750,0.3713,36.5727,-0.4699,0.0031,-0.0650,-0.0476,1.3902,-1.8406
01/15/2016,365.0,Call,NFLX  160115C00365000,43.050,41.25,44.85,0.33,0.7607,0,8,43.0500,0.3648,36.4152,0.5156,0.0031,-0.0693,-0.0450,1.3979,1.3979
01/15/2016,365.0,Put,NFLX  160115P00365000,63.300,61.85,64.75,-0.00,-0,0,18,63.3000,0.3692,36.4152,-0.4853,0.0031,-0.0646,-0.0483,1.4005,-1.8948
01/15/2016,370.0,Call,NFLX  160115C00370000,41.100,39.25,42.95,0.35,0.8589,0,95,41.1000,0.3637,36.2621,0.5006,0.0031,-0.0691,-0.0453,1.3990,1.3646
01/15/2016,370.0,Put,NFLX  160115P00370000,66.450,64.80,68.10,-0.30,-0.4494,0,217,66.4500,0.3693,36.2621,-0.4999,0.0031,-0.0647,-0.0483,1.4083,-1.9409
01/15/2016,375.0,Call,NFLX  160115C00375000,39.150,37.30,41.00,0.30,0.7722,0,36,39.1500,0.3622,36.1132,0.4855,0.0031,-0.0687,-0.0457,1.3981,1.3308
01/15/2016,375.0,Put,NFLX  160115P00375000,69.500,67.90,71.10,-0.78,-1.1028,0,94,69.5000,0.3675,36.1132,-0.5149,0.0031,-0.0641,-0.0489,1.3930,-1.9947
01/20/2017,310.0,Call,NFLX  170120C00310000,89.000,87.15,90.85,0.25,0.2817,0,1,89.0000,0.3749,36.8074,0.6853,0.0019,-0.0461,-0.0417,1.7494,3.0124
01/20/2017,310.0,Put,NFLX  170120P00310000,50.150,48.25,52.05,-0.67,-1.3281,0,27,50.1500,0.3642,36.8074,-0.3174,0.0020,-0.0403,-0.0499,1.7674,-2.6559
01/20/2017,320.0,Call,NFLX  170120C00320000,83.900,82.05,85.75,0.17,0.209,0,4,83.9000,0.3721,36.5331,0.6637,0.0020,-0.0470,-0.0424,1.7975,2.9651
01/20/2017,320.0,Put,NFLX  170120P00320000,54.950,53.10,56.80,-0.55,-0.991,0,18,54.9500,0.3614,36.5331,-0.3398,0.0021,-0.0410,-0.0509,1.7994,-2.8407
01/20/2017,330.0,Call,NFLX  170120C00330000,79.050,77.15,80.95,0.10,0.1267,0,16,79.0500,0.3696,36.2674,0.6420,0.0021,-0.0477,-0.0430,1.8395,2.9116
01/20/2017,330.0,Put,NFLX  170120P00330000,59.900,58.00,61.80,-0.60,-0.9917,5,45,59.9000,0.3586,36.2674,-0.3625,0.0022,-0.0415,-0.0519,1.8486,-3.0140
01/20/2017,340.0,Call,NFLX  170120C00340000,74.250,72.50,76.00,-0.18,-0.2351,1,26,74.2500,0.3662,36.01,0.6201,0.0021,-0.0481,-0.0439,1.8757,2.8550
01/20/2017,340.0,Put,NFLX  170120P00340000,65.375,63.50,67.25,-0.38,-0.5703,6,5,65.3750,0.3574,36.01,-0.3850,0.0022,-0.0421,-0.0525,1.8791,-3.1934
01/20/2017,350.0,Call,NFLX  170120C00350000,69.950,68.00,71.90,0.12,0.179,2,52,69.9500,0.3645,35.7603,0.5984,0.0022,-0.0485,-0.0444,1.9053,2.7904
01/20/2017,350.0,Put,NFLX  170120P00350000,70.325,69.00,71.65,-0.85,-1.1942,2,19,70.3250,0.3522,35.7603,-0.4086,0.0023,-0.0419,-0.0543,1.9102,-3.3604
01/20/2017,360.0,Call,NFLX  170120C00360000,65.575,63.70,67.45,0.02,0.0381,0,44,65.5750,0.3613,35.5179,0.5763,0.0022,-0.0486,-0.0452,1.9293,2.7245
01/20/2017,360.0,Put,NFLX  170120P00360000,76.375,74.65,78.10,-0.38,-0.4886,0,39,76.3750,0.3521,35.5179,-0.4309,0.0023,-0.0423,-0.0545,1.9381,-3.5280
01/20/2017,370.0,Call,NFLX  170120C00370000,61.550,59.60,63.50,0.02,0.0406,1,45,61.5500,0.359,35.2824,0.5546,0.0022,-0.0487,-0.0459,1.9470,2.6537
01/20/2017,370.0,Put,NFLX  170120P00370000,82.225,80.50,83.95,-0.28,-0.3333,0,4,82.2250,0.3494,35.2824,-0.4537,0.0023,-0.0421,-0.0557,1.9490,-3.6945
